,Gen,Max,Min,Std,Avg,Covered_demand,NCS
0,1,37575.00018101555,-3781.1544284770557,19893.217343158496,16876.179605822774,1868,162.0
0,2,37575.00018101555,-3765.935584454623,19843.86341934555,13789.202355137759,1868,162.0
0,3,37575.00018101555,-3786.339332897189,19893.288556304786,13665.72954187301,1868,162.0
0,4,37575.00018101555,-3843.3666392449836,19377.02055354159,11084.848078128372,1868,162.0
0,5,37575.00018101555,-3751.7775237831206,19899.90811667484,13337.034241755917,1868,162.0
0,6,37575.00018101555,-3756.4193596487153,19665.965898034297,11969.286106292415,1868,162.0
0,7,37575.00018101555,-3746.650784549304,20097.926737523612,13867.706288150866,1868,162.0
0,8,37596.29114831705,-3722.7832300940063,20013.606079500103,12929.333976386364,1870,164.0
0,9,37596.29114831705,-3743.531996709986,20438.763395431906,16874.711541822886,1870,164.0
0,10,37596.29114831705,-3726.261344602533,20446.776964939807,16888.835912331055,1870,164.0
0,11,37596.29114831705,-3696.0186619249084,20477.04900763364,18185.79325024043,1870,164.0
0,12,37596.29114831705,-3692.2204678951985,20534.235013522102,17402.284921177885,1870,164.0
0,13,37621.05349246113,-3698.4939507220197,20551.683557949014,17419.31433767318,1870,165.0
0,14,37596.29114831705,-3657.8122712765507,20478.698093030536,18867.43048926522,1870,164.0
0,15,37618.52348614649,-3576.298042742895,20557.305688973895,16609.645549536264,1869,165.0
0,16,37618.52348614649,-3589.4673119361937,20498.68846812967,18666.65836309923,1869,165.0
0,17,37618.52348614649,-3581.836621523162,20461.990274331005,19082.028664255,1869,165.0
0,18,37618.52348614649,-3590.729517120408,20559.436672905806,17644.026415929904,1869,165.0
0,19,37618.52348614649,-3590.82474508777,20487.569039767863,18880.06311953977,1869,165.0
0,20,37618.52348614649,-3586.6176866221363,20574.418732965736,17028.775231523843,1869,164.0
0,21,37618.52348614649,-3585.4425391568084,20550.02926850792,18060.632086873953,1869,165.0
0,22,37618.52348614649,-3584.822408230879,20427.182058400966,19502.766963494258,1869,165.0
0,23,37618.52348614649,-3587.8610745574465,20568.477178030396,17653.968351055446,1869,165.0
0,24,37618.52348614649,-3600.035956096922,20163.57906091859,12919.818448844622,1869,165.0
0,25,37618.52348614649,-3591.0179553069447,20569.626802486266,16418.455276607805,1869,165.0
0,26,37618.52348614649,-3592.2708998926146,20542.622226539213,15800.891919938713,1869,165.0
0,27,37618.52348614649,-3582.0819863622396,20528.080597720476,15596.77419336044,1869,165.0
0,28,37618.52348614649,-3579.9206302079215,20496.53825529356,18889.376906644546,1869,165.0
0,29,37618.52348614649,-3592.9346550248347,20455.619396021826,19301.871269412237,1869,165.0
0,30,37618.52348614649,-3583.836856835049,20406.085089289514,19713.287045081215,1869,165.0
0,31,37618.52348614649,-3586.8759258375126,20378.00648993472,14156.532724299272,1869,165.0
0,32,37618.52348614649,-3583.0949692672,20497.03014439375,15185.72616269998,1869,165.0
0,33,37618.52348614649,-3580.3694997873945,20477.077997472417,14980.264386326175,1869,165.0
0,34,37618.52348614649,-3579.2594449535904,20563.277708740425,16215.587671138648,1869,165.0
0,35,37618.52348614649,-3591.5287524026216,20244.571486917594,13333.272325824108,1869,165.0
0,36,37618.52348614649,-3589.5036394767267,20571.601432951255,16420.23519058376,1869,165.0
0,37,37618.52348614649,-3584.218885048372,20478.005792721277,19095.47194750952,1869,165.0
0,38,37618.52348614649,-3606.300346030299,20378.35478461039,19918.82478692407,1869,165.0
0,39,37618.52348614649,-3579.7164720294836,20530.683257300407,18478.03803271616,1869,165.0
0,40,37618.52348614649,-3593.0438553767513,20281.832891507704,20535.950871277026,1869,165.0
0,41,37618.52348614649,-3580.110047039235,20455.155407529935,19302.286326780693,1869,165.0
0,42,37618.52348614649,-3587.749040347313,20455.631029956046,19301.860206735913,1869,165.0
0,43,37618.52348614649,-3584.926094359935,20478.462331256153,19095.058502108197,1869,165.0
0,44,37618.52348614649,-3593.2926681798604,20497.25233690513,18890.020554439925,1869,165.0
0,45,37618.52348614649,-3590.6533140747856,20572.166981042836,16419.651412968782,1869,165.0
0,46,37618.52348614649,-3583.4009805141864,20542.88723414895,15803.763202467035,1869,165.0
0,47,37618.52348614649,-3591.6801441615,20578.925000410603,17244.371347686312,1869,165.0
0,48,37618.52348614649,-3592.2050296184934,20165.603247061164,21153.37931789592,1869,165.0
0,49,37618.52348614649,-3577.657014118412,20206.240947512328,20947.79671537789,1869,165.0
0,50,37618.52348614649,-3575.1264685102706,20577.164414834915,17448.86937320228,1869,165.0
0,51,37618.52348614649,-3578.815541021749,20555.211197159966,16008.524407432664,1869,165.0
0,52,37618.52348614649,-3577.088467720002,20579.622678494477,17038.902225334376,1869,165.0
0,53,37618.52348614649,-3576.6658500974845,20455.14077421907,19302.29962810142,1869,165.0
0,54,37618.52348614649,-3578.7723104409743,20543.350530120944,18272.921885586387,1869,165.0
0,55,37618.52348614649,-3588.505220294222,20456.058018419248,19301.47835470399,1869,165.0
0,56,37618.52348614649,-3583.848516641831,20580.98793916574,17037.537745678757,1869,165.0
0,57,37618.52348614649,-3580.830600016758,20580.055361821545,17038.470482915916,1869,165.0
0,58,37618.52348614649,-3577.1989717286915,20529.796691368538,18478.86439205762,1869,165.0
0,59,37618.52348614649,-3606.396161134889,20316.746957929667,20329.726178301775,1869,165.0
0,60,37618.52348614649,-3573.778787645583,20544.037061436906,18272.274872233247,1869,165.0
0,61,37618.52348614649,-3588.2675485323175,20515.3169358061,18683.744911068257,1869,165.0
0,62,37618.52348614649,-3580.770465142635,20564.84688262499,17860.459024555545,1869,165.0
0,63,37618.52348614649,-3575.934103366296,20514.66218406027,18684.34911702859,1869,165.0
0,64,37618.52348614649,-3582.535944782727,20281.747950003333,20536.022461458237,1869,165.0
0,65,37618.52348614649,-3582.673138396282,20543.367881677244,18272.90536331869,1869,165.0
0,66,37618.52348614649,-3590.460541904012,20555.710833732333,18066.144042763353,1869,165.0
0,67,37618.52348614649,-3583.622799871985,20543.363305866136,18272.910019479423,1869,165.0
0,68,37618.52348614649,-3576.9558609369274,20315.54170448326,20330.751201074876,1869,165.0
0,69,37618.52348614649,-3581.1268615509234,20530.85248569314,18477.879872334768,1869,165.0
0,70,37618.52348614649,-3578.306951878658,20348.20659428989,20124.622959471955,1869,165.0
0,71,37618.52348614649,-3588.370701377464,20433.75693771099,19505.93581276322,1869,165.0
0,72,37618.52348614649,-3576.3419948766614,19872.367692110915,22389.215063348227,1869,165.0
0,73,37618.52348614649,-3570.948833973694,20432.15525798774,19507.354458065314,1869,165.0
0,74,37618.52348614649,-3578.87016944081,20576.22700701868,16626.574915314686,1869,165.0
0,75,37618.52348614649,-3581.682900590683,20576.039365425575,16626.76669959631,1869,165.0
0,76,37618.52348614649,-3579.957750107766,20245.34696754901,20741.684485534843,1869,165.0
0,77,37618.52348614649,-3577.184745384777,20281.359608136216,20536.3488478989,1869,165.0
0,78,37618.52348614649,-3587.406873527045,20315.45715845929,20330.823459429106,1869,165.0
0,79,37618.52348614649,-3583.811936016063,20580.97752296512,16830.698431712095,1869,165.0
0,80,37618.52348614649,-3586.1135042276196,20379.094338238396,19917.801108113363,1869,165.0
0,81,37618.52348614649,-3587.326156162168,20377.959934803832,19919.16694971856,1869,165.0
0,82,37618.52348614649,-3577.350348278951,20580.9981862897,17037.526751485144,1869,165.0
0,83,37618.52348614649,-3593.3260994326806,20406.955567407917,19712.523522122658,1869,165.0
0,84,37618.52348614649,-3580.4728341517693,20555.443265213926,18066.398171926994,1869,165.0
0,85,37618.52348614649,-3583.844723584295,20555.442260837714,18066.399609609965,1869,165.0
0,86,37618.52348614649,-3590.892883132777,20556.047196174426,18065.824713884514,1869,165.0
0,87,37618.52348614649,-3597.061595166751,20564.927947765613,16213.870273401451,1869,165.0
0,88,37618.52348614649,-3575.057067055041,20578.935977648198,16832.760945946466,1869,165.0
0,89,37618.52348614649,-3578.2764046691286,20542.787250580877,18273.452960735176,1869,165.0
0,90,37618.52348614649,-3581.6081202331643,20554.045432276842,18067.72800258008,1869,165.0
0,91,37618.52348614649,-3587.9979258853805,20497.48501777287,18889.80807798431,1869,165.0
0,92,37618.52348614649,-3595.572565349009,20455.275103254986,19302.179343849,1869,165.0
0,93,37618.52348614649,-3583.793477009552,20406.354027418296,19713.050952964753,1869,165.0
0,94,37618.52348614649,-3576.567270586952,20543.869761615795,18272.432791613766,1869,165.0
0,95,37618.52348614649,-3589.497666609172,20543.809093041044,18272.490656927006,1869,165.0
0,96,37618.52348614649,-3573.618690237268,20564.296436946763,17860.988111641214,1869,165.0
0,97,37618.52348614649,-3600.527710899653,20497.60567801565,18889.697397767883,1869,165.0
0,98,37618.52348614649,-3585.2570197075997,20122.647703986033,21359.069767354787,1869,165.0
0,99,37618.52348614649,-3580.460400151436,20497.10174021698,15185.646836869208,1869,165.0
0,100,37618.52348614649,-3585.6368758937565,20543.843670434326,15802.748103603224,1869,165.0
0,101,37618.52348614649,-3596.3506626942117,20543.871538874355,18272.432049103973,1869,165.0
0,102,37618.52348614649,-3588.569079377209,20564.988979325997,16213.806180599817,1869,165.0
0,103,37618.52348614649,-3584.0371589468623,20543.61807519456,18272.67074043471,1869,165.0
0,104,37618.52348614649,-3584.956209706695,20315.562534513174,20330.73430977029,1869,165.0
0,105,37618.52348614649,-3594.1257606537874,20542.850937415857,18273.392283643258,1869,165.0
0,106,37618.52348614649,-3577.151949886761,20515.648278434655,15390.380396678367,1869,165.0
0,107,37618.52348614649,-3574.613219447208,20554.3063906796,18067.48021318829,1869,165.0
0,108,37618.52348614649,-3584.6983265507934,20165.229750368537,21153.683668462312,1869,165.0
0,109,37618.52348614649,-3591.1949730471088,20244.441451509047,20742.438709526035,1869,165.0
0,110,37618.52348614649,-3587.84005967972,20405.915718994693,19713.43515318529,1869,165.0
0,111,37618.52348614649,-3580.824465917328,20406.37023544289,19713.03680834376,1869,165.0
0,112,37618.52348614649,-3583.082388897489,20580.33314434458,17038.191623283463,1869,165.0
0,113,37618.52348614649,-3590.105845129446,20581.10331447238,17242.21465987976,1869,165.0
0,114,37618.52348614649,-3591.7370141801334,20564.706726427812,17860.594478485975,1869,165.0
0,115,37618.52348614649,-3584.6148875891677,19979.088203752097,21977.26879188804,1869,165.0
0,116,37618.52348614649,-3577.7723619292333,20077.080532259457,21565.09033751533,1869,165.0
0,117,37618.52348614649,-3563.9213192732495,20496.0463783658,18891.122107124284,1869,165.0
0,118,37618.52348614649,-3592.6173644071,20581.25784372184,17037.268001827764,1869,165.0
0,119,37618.52348614649,-3588.450335516371,20543.44375736643,15803.17260629311,1869,165.0
0,120,37618.52348614649,-3582.0172430821685,20530.891837393425,15596.451174884834,1869,165.0
0,121,37618.52348614649,-3595.365412200759,20581.894868842508,17036.631628011775,1869,165.0
0,122,37618.52348614649,-3582.699504151325,20555.047221668425,16008.69681159446,1869,165.0
0,123,37618.52348614649,-3582.6432306499414,20554.697124591137,16009.064585108525,1869,165.0
0,124,37618.52348614649,-3577.6330991512045,20544.055697617692,15802.522677671821,1869,165.0
0,125,37618.52348614649,-3581.6291206616047,20570.111417548043,17656.532609746686,1869,165.0
0,126,37618.52348614649,-3578.78391803152,20477.18684702454,19096.212650262925,1869,165.0
0,127,37618.52348614649,-3584.456865248437,20528.21371960244,18480.340021995496,1869,165.0
0,128,37618.52348614649,-3571.628937270254,20579.714218046247,16831.9744213417,1869,165.0
0,129,37618.52348614649,-3572.2603612834555,20570.855388887332,16421.00251990589,1869,165.0
0,130,37618.52348614649,-3582.9677639600127,20497.164078412236,18890.10150458452,1869,165.0
0,131,37618.52348614649,-3576.3827178121255,20576.389274440484,17449.629340750034,1869,165.0
0,132,37618.52348614649,-3586.189163800239,20121.17205557575,21360.262146703844,1869,165.0
0,133,37618.52348614649,-3574.9938608726816,20529.732086346983,18478.92430815396,1869,165.0
0,134,37618.52348614649,-3580.9188817018016,20576.176904920474,17449.837943874183,1869,165.0
0,135,37618.52348614649,-3582.9936863907874,20564.05250914162,17861.223277241195,1869,165.0
0,136,37618.52348614649,-3588.843687303321,20514.907013938875,18684.12340148065,1869,165.0
0,137,37618.52348614649,-3591.047412107219,20529.430647021356,18479.205624229045,1869,165.0
0,138,37618.52348614649,-3575.0628088964886,20564.051857768452,16214.78118500426,1869,165.0
0,139,37618.52348614649,-3591.84450653803,20577.324261944686,16625.45674347838,1869,165.0
0,140,37618.52348614649,-3573.6824340955313,20563.92692543133,17861.34297991848,1869,165.0
0,141,37618.52348614649,-3587.6707510448805,20555.0521790238,16008.69230801352,1869,165.0
0,142,37618.52348614649,-3592.062669654898,20572.29401976168,17654.415038910825,1869,165.0
0,143,37618.52348614649,-3599.166143679052,20565.287240195223,16213.496788584527,1869,165.0
0,144,37618.52348614649,-3591.828440883255,20572.055836447278,16419.766540124336,1869,165.0
0,145,37618.52348614649,-3600.1005426957695,20563.570276097926,17861.686572545605,1869,165.0
0,146,37618.52348614649,-3584.073196956891,20579.966697445598,17243.33962782684,1869,165.0
0,147,37618.52348614649,-3585.0286322787842,20580.695421655055,17037.82971843981,1869,165.0
0,148,37618.52348614649,-3586.061475607676,20564.26699007931,17861.017026945436,1869,165.0
0,149,37618.52348614649,-3581.8168627209034,20530.53189887625,18478.178979473923,1869,165.0
0,150,37618.52348614649,-3584.9880448599233,20530.12322326111,15597.275291089329,1869,165.0
0,151,37618.52348614649,-3590.156909416076,20477.94613888149,19095.186693903994,1869,165.0
0,152,37618.52348614649,-3586.6188517920605,20572.015513672377,16419.423141163214,1869,165.0
0,153,37618.52348614649,-3592.385182807467,20515.973294589043,18683.139345361284,1869,165.0
0,154,37618.52348614649,-3586.7410289130185,20405.835306116147,19713.506496038484,1869,165.0
0,155,37618.52348614649,-3580.3383106937436,20204.66366877874,20949.098160857,1869,165.0
0,156,37618.52348614649,-3573.0876700916015,20075.993098332354,21565.959796864387,1869,165.0
0,157,37618.52348614649,-3594.979543952834,20378.465896913785,19918.72809381741,1869,165.0
0,158,37618.52348614649,-3592.976086466674,20455.759894585753,19301.745014287517,1869,165.0
0,159,37618.52348614649,-3594.5971452688214,20531.037258336753,18477.707580141403,1869,165.0
0,160,37618.52348614649,-3580.1815224841584,20515.852051078222,18683.250751545664,1869,165.0
0,161,37618.52348614649,-3586.324428787965,20530.50185845187,18478.20684894317,1869,165.0
0,162,37618.52348614649,-3587.1642731860643,20281.317648739398,20536.38478887272,1869,165.0
0,163,37618.52348614649,-3585.5869933778313,20544.57370118988,18271.769949679234,1869,165.0
0,164,37618.52348614649,-3587.4173621831387,20406.899041168024,19712.573108519548,1869,165.0
0,165,37618.52348614649,-3585.2132839504698,20554.970190094748,18066.84856389134,1869,165.0
0,166,37618.52348614649,-3578.5649396525014,20497.280815801994,18889.99483794707,1869,165.0
0,167,37618.52348614649,-3586.771321480804,20563.874810858575,17861.39380938997,1869,165.0
0,168,37618.52348614649,-3562.1250551058847,20575.117809480525,17450.875388446042,1869,165.0
0,169,37618.52348614649,-3574.5653413676523,20569.692627832537,16422.201628471692,1869,165.0
0,170,37618.52348614649,-3580.872960205038,20530.574691803038,18478.13960820534,1869,165.0
0,171,37618.52348614649,-3590.987230659809,20281.413808218393,20536.30385575336,1869,165.0
0,172,37618.52348614649,-3580.9027891963524,20580.093050128915,17038.432161692683,1869,165.0
0,173,37618.52348614649,-3577.2192841302012,20514.206592548027,18684.769566620686,1869,165.0
0,174,37618.52348614649,-3579.673472557293,20121.940430569037,21359.641008513652,1869,165.0
0,175,37618.52348614649,-3596.671243786638,20579.79893210245,16831.889323232335,1869,165.0
0,176,37618.52348614649,-3576.2956601115006,20244.747052057784,20742.18414545396,1869,165.0
0,177,37618.52348614649,-3575.9654824104723,20205.81738836113,20948.146274923805,1869,165.0
0,178,37618.52348614649,-3581.495622387104,20431.735270459438,19507.72723295043,1869,165.0
0,179,37618.52348614649,-3573.893314856216,20514.541633656023,18684.46035196203,1869,165.0
0,180,37618.52348614649,-3583.0299588378384,20564.711840576532,17860.589255540075,1869,165.0
0,181,37618.52348614649,-3581.3936807753043,20564.465849400465,17860.825448537224,1869,165.0
0,182,37618.52348614649,-3596.8920248873997,20577.304334079072,16625.4763179057,1869,165.0
0,183,37618.52348614649,-3590.67175470654,20572.168557944602,17654.536087503202,1869,165.0
0,184,37618.52348614649,-3589.575562304895,20207.089424304002,20947.09753056721,1869,165.0
0,185,37618.52348614649,-3583.6027331258883,19927.37249954508,22182.8481040657,1869,165.0
0,186,37618.52348614649,-3586.202295180424,19927.158325529505,22183.01389021149,1869,165.0
0,187,37618.52348614649,-3579.934747300443,20530.220529838538,18478.468894176072,1869,165.0
0,188,37618.52348614649,-3607.0929538900978,20432.701032681878,19506.87169771898,1869,165.0
0,189,37618.52348614649,-3575.497405819139,20377.7052767865,19919.388400175165,1869,165.0
0,190,37618.52348614649,-3580.7251560698774,20432.566861782965,19506.989787098333,1869,165.0
0,191,37618.52348614649,-3579.821212994153,20543.394558233776,18272.879928792543,1869,165.0
0,192,37618.52348614649,-3587.771964650881,20576.444421555047,17449.5756196546,1869,165.0
0,193,37618.52348614649,-3575.3279128924964,20431.705428243517,19507.753346373578,1869,165.0
0,194,37618.52348614649,-3593.4718015160083,20529.744229163167,18478.913451833956,1869,165.0
0,195,37618.52348614649,-3577.2108061623376,20315.94335464345,20330.410109587458,1869,165.0
0,196,37618.52348614649,-3576.4106371737207,20377.786445605303,19919.31796099694,1869,165.0
0,197,37618.52348614649,-3588.59215615467,20164.286412959013,21154.453783647125,1869,165.0
0,198,37618.52348614649,-3584.316054306397,20564.84551259506,17860.46058733796,1869,165.0
0,199,37618.52348614649,-3589.2969160577113,20579.196040366503,17244.102700179094,1869,165.0
0,200,37618.52348614649,-3578.708897384401,20497.264426086043,18890.00986072988,1869,165.0
0,201,37618.52348614649,-3571.98928581162,20348.8042358815,20124.1087569027,1869,165.0
0,202,37618.52348614649,-3585.9564535851564,20580.321752972748,17038.202966211666,1869,165.0
0,203,37618.52348614649,-3585.9227921587944,20555.394929359125,18066.444623015836,1869,165.0
0,204,37618.52348614649,-3580.2218314394545,20576.486208108425,16626.31030157175,1869,165.0
0,205,37618.52348614649,-3583.635043159335,20572.316922559425,17654.217375009823,1869,165.0
0,206,37618.52348614649,-3586.7256075008277,20572.57810773653,17654.138657113293,1869,165.0
0,207,37618.52348614649,-3579.2579437393542,20530.904194322153,18477.83198545817,1869,165.0
0,208,37618.52348614649,-3584.8823510830507,20497.53638604899,18889.76082354919,1869,165.0
0,209,37618.52348614649,-3588.795458686206,20431.482565544447,19507.951058638668,1869,165.0
0,210,37618.52348614649,-3573.8114748172407,20580.447271808025,17038.077765285874,1869,165.0
0,211,37618.52348614649,-3593.199586248882,20543.339813134742,18272.931831628444,1869,165.0
0,212,37618.52348614649,-3589.6737518466452,20555.757404306216,16007.950277632212,1869,165.0
0,213,37618.52348614649,-3571.8020526499818,20542.704835853147,18273.52990281205,1869,165.0
0,214,37618.52348614649,-3573.763738534258,20378.852386056977,19918.392244918356,1869,165.0
0,215,37618.52348614649,-3583.244627255137,20431.845631839198,19507.629043606874,1869,165.0
0,216,37618.52348614649,-3592.2157843049013,20432.54655584849,19507.00796160741,1869,165.0
0,217,37618.52348614649,-3586.3206541697605,20564.825126606363,16213.97707501275,1869,165.0
0,218,37618.52348614649,-3578.607243078877,20580.956966046626,17037.568602005354,1869,165.0
0,219,37618.52348614649,-3577.974805272576,20543.298754275394,15803.326065034913,1869,165.0
0,220,37618.52348614649,-3573.453580581311,20554.833592033236,16008.921219748816,1869,165.0
0,221,37618.52348614649,-3585.8027117504266,20555.996819401265,18065.873231159087,1869,165.0
0,222,37618.52348614649,-3580.3583573108804,20576.645780756913,16626.14803432061,1869,165.0
0,223,37618.52348614649,-3593.8435228906346,20281.297474378305,20536.402047136176,1869,165.0
0,224,37618.52348614649,-3566.2696721021543,20163.70021573266,21154.93195855594,1869,165.0
0,225,37618.52348614649,-3569.807511574415,20244.390042728068,20742.481934160667,1869,165.0
0,226,37618.52348614649,-3597.8343991507295,20028.36487765817,21771.84452802623,1869,165.0
0,227,37618.52348614649,-3566.772100337973,20431.553196826448,19507.88800902618,1869,165.0
0,228,37618.52348614649,-3589.1747739016137,20456.60738641844,19300.98613579917,1869,165.0
0,229,37618.52348614649,-3576.7992737149993,20433.073552797156,19506.541096345576,1869,165.0
0,230,37618.52348614649,-3584.55225630673,20564.303965535822,17860.981217108347,1869,165.0
0,231,37618.52348614649,-3590.1731628761154,20515.40633782241,18683.662606124355,1869,165.0
0,232,37618.52348614649,-3567.827377732534,20280.6950078642,20536.90861043728,1869,165.0
0,233,37618.52348614649,-3579.391729740671,20075.994055150462,21565.959060182027,1869,165.0
0,234,37618.52348614649,-3580.667055502652,20477.161045207395,19096.23549336044,1869,165.0
0,235,37618.52348614649,-3565.6242195499444,20121.27535690753,21360.178108777964,1869,165.0
0,236,37618.52348614649,-3574.8138323772996,20529.54634524836,18479.097171137546,1869,165.0
0,237,37618.52348614649,-3578.412425130416,20580.52250410626,17038.002543086055,1869,165.0
0,238,37618.52348614649,-3594.3127730559995,20406.56102948634,14361.754740181728,1869,165.0
0,239,37618.52348614649,-3589.558442547093,20496.92524006387,15185.840757523712,1869,165.0
0,240,37618.52348614649,-3585.587178822664,20577.10106668637,16625.683988748642,1869,165.0
0,241,37618.52348614649,-3582.2300340578427,20579.71764466813,16831.971257261117,1869,165.0
0,242,37618.52348614649,-3578.221840179029,20580.09129335475,17243.21588712146,1869,165.0
0,243,37618.52348614649,-3585.0198966741764,20316.298848539467,20330.107602340184,1869,165.0
0,244,37618.52348614649,-3583.548031928161,20379.312191809244,19917.992761177553,1869,165.0
0,245,37618.52348614649,-3593.1488078816196,20477.36053504507,19096.05555966545,1869,165.0
0,246,37618.52348614649,-3588.400781528007,20245.610551200898,20741.46500361177,1869,165.0
0,247,37618.52348614649,-3580.236843144242,20543.39393256258,18272.880892963094,1869,165.0
0,248,37618.52348614649,-3597.3020788244207,20497.65943217665,18889.64927815114,1869,165.0
0,249,37618.52348614649,-3588.730185605389,20514.694173455606,18684.31994208419,1869,165.0
0,250,37618.52348614649,-3592.448141803398,20573.417414072188,17653.32402384925,1869,165.0
0,251,37618.52348614649,-3583.3697817959296,20544.799254109475,18271.558300608318,1869,165.0
0,252,37618.52348614649,-3586.078186035667,20580.954886044583,17242.361112658153,1869,165.0
0,253,37618.52348614649,-3586.052844363917,20577.19608099207,17448.839127659783,1869,165.0
0,254,37618.52348614649,-3576.7434763795186,20477.09645432356,19096.29399028157,1869,165.0
0,255,37618.52348614649,-3588.1406132230204,20555.043717095166,16008.700496435245,1869,165.0
0,256,37618.52348614649,-3586.5221268713203,20577.84632530327,17448.2014821955,1869,165.0
0,257,37618.52348614649,-3594.24321689899,20532.056353003576,15595.20296373155,1869,165.0
0,258,37618.52348614649,-3591.337903401319,20543.73579032502,18272.560056575447,1869,165.0
0,259,37618.52348614649,-3583.3373783017437,20531.99883640608,18476.811824702007,1869,165.0
0,260,37618.52348614649,-3584.459225744964,20477.94516433258,14979.30549328071,1869,165.0
0,261,37618.52348614649,-3586.039453447105,20244.503567698688,13333.354296281246,1869,165.0
0,262,37618.52348614649,-3582.7690641320505,20530.58546626505,15596.780603649011,1869,165.0
0,263,37618.52348614649,-3588.684214362593,20406.035749910763,19713.330344741782,1869,165.0
0,264,37618.52348614649,-3577.9353039262032,20571.388995731417,16420.452811694784,1869,165.0
0,265,37618.52348614649,-3589.2807615421107,20379.558542402396,14154.747839765496,1869,165.0
0,266,37618.52348614649,-3583.407077552041,20571.91421097397,17654.7830022125,1869,165.0
0,267,37618.52348614649,-3598.657180112051,20530.997180529233,18477.74593176706,1869,165.0
0,268,37618.52348614649,-3571.409408209568,20562.934921155753,17862.295933585552,1869,165.0
0,269,37618.52348614649,-3584.8161168467054,20543.47540743866,18272.804455001402,1869,165.0
0,270,37618.52348614649,-3577.103470521362,20477.45552652302,19095.96912669066,1869,165.0
0,271,37618.52348614649,-3582.4408810962123,20555.963136806942,18065.90420998944,1869,165.0
0,272,37618.52348614649,-3593.8396079987688,20530.03736066178,18478.639747885452,1869,165.0
0,273,37618.52348614649,-3584.2563378729465,20515.515570312455,18683.561508662853,1869,165.0
0,274,37618.52348614649,-3578.8850948169343,20576.39175893062,16626.406291562278,1869,165.0
0,275,37618.52348614649,-3585.3085141905885,20576.248738023405,16626.553606774978,1869,165.0
0,276,37618.52348614649,-3580.2001195033886,20580.70487553931,17037.82086509318,1869,165.0
0,277,37618.52348614649,-3582.169774333832,20575.603423862307,16627.21236295802,1869,165.0
0,278,37618.52348614649,-3579.239708993002,20562.953148500572,17862.278754005514,1869,165.0
0,279,37618.52348614649,-3583.784753582612,20580.159556497652,17243.148993121,1869,165.0
0,280,37618.52348614649,-3596.5318887196863,20577.03598824209,16625.74954014063,1869,165.0
0,281,37618.52348614649,-3578.656494600551,20579.456040943372,17243.844685594166,1869,165.0
0,282,37618.52348614649,-3582.3148823708725,20564.567082604688,17860.728540453812,1869,165.0
0,283,37618.52348614649,-3590.367554964865,20514.495158489695,18684.504020083128,1869,165.0
0,284,37618.52348614649,-3584.352215861256,20122.087154359728,21359.522708236243,1869,165.0
0,285,37618.52348614649,-3565.4153915683028,20244.767001450986,20742.16705045425,1869,165.0
0,286,37618.52348614649,-3590.7970352279217,20315.90048000282,20330.44638122604,1869,165.0
0,287,37618.52348614649,-3580.5208248924628,20497.964881219763,18889.369612727907,1869,165.0
0,288,37618.52348614649,-3566.4026796466856,20455.410103046335,19302.057319140018,1869,165.0
0,289,37618.52348614649,-3606.812242157356,20576.33177191365,17449.68596045406,1869,165.0
0,290,37618.52348614649,-3580.6912706377,20029.985663610692,21770.561652922966,1869,165.0
0,291,37618.52348614649,-3586.160445824625,20554.88261054981,18066.93163092722,1869,165.0
0,292,37618.52348614649,-3581.400078505122,20564.350309860198,16214.470983112005,1869,165.0
0,293,37618.52348614649,-3589.0559450977103,20377.57892966425,19919.49871692057,1869,165.0
0,294,37618.52348614649,-3583.2235957147545,20029.428780968763,21771.00213547668,1869,165.0
0,295,37618.52348614649,-3590.366430453879,20122.160317627113,21359.463260698598,1869,165.0
0,296,37618.52348614649,-3578.467245559916,20477.955071276043,19095.51725051403,1869,165.0
0,297,37618.52348614649,-3596.5937628980496,20407.262859908642,19712.2540534398,1869,165.0
0,298,37618.52348614649,-3577.716694860136,20348.0460013705,20124.761040747035,1869,165.0
0,299,37618.52348614649,-3586.1980761130085,20563.691779388668,16215.15633774709,1869,165.0
0,300,37618.52348614649,-3594.860094384925,20555.22080045022,18066.610839137225,1869,165.0
0,301,37618.52348614649,-3578.219301841323,20405.613115942448,19713.70085279236,1869,165.0
0,302,37618.52348614649,-3596.1192287265917,20514.462037073125,18684.53371416466,1869,165.0
0,303,37618.52348614649,-3594.097467195415,20457.25515863241,19300.4060759344,1869,165.0
0,304,37618.52348614649,-3593.5278520304014,20349.136181770802,20123.824007557683,1869,165.0
0,305,37618.52348614649,-3580.500163417182,20514.668634995214,18684.342950796436,1869,165.0
0,306,37618.52348614649,-3574.478143837242,20580.212068696375,17038.312489583026,1869,165.0
0,307,37618.52348614649,-3583.055785838447,20283.078996987162,20534.901437074255,1869,165.0
0,308,37618.52348614649,-3576.5971158100424,20576.705964776796,17449.318653737948,1869,165.0
0,309,37618.52348614649,-3592.971699046556,20581.169746664003,17037.356106028856,1869,165.0
0,310,37618.52348614649,-3582.939808067091,20543.760302578135,18272.536119163713,1869,165.0
0,311,37618.52348614649,-3583.185687857625,20455.648651007417,19301.844256177483,1869,165.0
0,312,37618.52348614649,-3586.4767378130286,20529.30793246389,18479.320346012224,1869,165.0
0,313,37618.52348614649,-3584.143501724985,20564.265228832137,17861.017986024497,1869,165.0
0,314,37618.52348614649,-3567.858495500851,20315.55164210632,20330.742739993777,1869,165.0
0,315,37618.52348614649,-3593.761077335614,20530.79724602736,18477.931067124122,1869,165.0
0,316,37618.52348614649,-3585.037265097555,20572.308255521802,17654.400351149598,1869,165.0
0,317,37618.52348614649,-3593.127870581811,20571.51029468187,17655.174910942107,1869,165.0
0,318,37618.52348614649,-3586.138092330159,20543.93795970088,18272.369373926722,1869,165.0
0,319,37618.52348614649,-3574.496096472042,20576.233141269684,16626.56846146968,1869,165.0
0,320,37618.52348614649,-3587.9133419779073,20515.58488259996,18683.498037017478,1869,165.0
0,321,37618.52348614649,-3589.597630793777,20529.897908937175,15597.516740125784,1869,165.0
0,322,37618.52348614649,-3587.5796389024113,20554.971828787588,18066.847262470113,1869,165.0
0,323,37618.52348614649,-3584.2241092837417,20564.91402648667,17860.395268378234,1869,165.0
0,324,37618.52348614649,-3605.898847568106,20565.343156468036,16213.438666968757,1869,165.0
0,325,37618.52348614649,-3618.1659815759267,20579.881255817218,16831.806986725554,1869,165.0
0,326,37618.52348614649,-3586.5984338836743,20565.26762136263,17860.055087791516,1869,165.0
0,327,37618.52348614649,-3588.801975478803,20570.5897929578,17656.068073491293,1869,165.0
0,328,37618.52348614649,-3576.1068382681333,20378.606529030803,19918.605196825203,1869,165.0
0,329,37618.52348614649,-3595.7657462607767,20456.31649411914,19301.246295523088,1869,165.0
0,330,37618.52348614649,-3598.4317264921865,20477.826213181757,19095.634720871865,1869,165.0
0,331,37618.52348614649,-3579.9201655197667,20405.060873855444,19714.186061938668,1869,165.0
0,332,37618.52348614649,-3572.8647032036924,20346.325125335396,20126.24045418504,1869,165.0
0,333,37618.52348614649,-3577.525620015775,20580.683098252495,17242.630413637395,1869,165.0
0,334,37618.52348614649,-3580.7033511264935,20315.892473684256,20330.452858258515,1869,165.0
0,335,37618.52348614649,-3578.136120132975,20581.100691692383,17037.424109023596,1869,165.0
0,336,37618.52348614649,-3595.9320095475773,20564.61761671893,17860.680327869777,1869,165.0
0,337,37618.52348614649,-3581.187377974314,20529.329283069095,18479.300577137732,1869,165.0
0,338,37618.52348614649,-3579.6248664497707,20121.112317993433,21360.31050286126,1869,165.0
0,339,37618.52348614649,-3591.6751973703645,20477.69561163816,19095.75205604389,1869,165.0
0,340,37618.52348614649,-3583.6433698762426,20205.31150035466,20948.563839577568,1869,165.0
0,341,37618.52348614649,-3572.5425422899175,20455.267223368897,19302.185463559046,1869,165.0
0,342,37618.52348614649,-3581.99710936462,20457.144269270204,19300.505685049233,1869,165.0
0,343,37618.52348614649,-3590.0500578291853,20554.880353874396,18066.933687141674,1869,165.0
0,344,37618.52348614649,-3579.1336577531506,20579.45691972947,17243.843542563627,1869,165.0
0,345,37618.52348614649,-3587.6261200452896,20377.96578068425,19919.162058227077,1869,165.0
0,346,37618.52348614649,-3582.2495862219175,20497.051290148665,18890.204253815285,1869,165.0
0,347,37618.52348614649,-3574.2128024434896,20377.33064891898,19919.7136225476,1869,165.0
0,348,37618.52348614649,-3578.2899490010914,20315.237536912424,20331.010058553613,1869,165.0
0,349,37618.52348614649,-3588.026486913398,20515.555285452836,18683.52460582355,1869,165.0
0,350,37618.52348614649,-3586.6382265397715,20513.66422849098,18685.269972765705,1869,165.0
0,351,37618.52348614649,-3576.1252478309066,20477.11037311724,19096.28133112436,1869,165.0
0,352,37618.52348614649,-3596.434772001176,20476.911360827602,19096.461528137872,1869,165.0
0,353,37618.52348614649,-3574.600821028129,20570.956982314223,17655.71120852116,1869,165.0
0,354,37618.52348614649,-3590.5820848325784,20562.928411197092,17862.18955398686,1869,165.0
0,355,37618.52348614649,-3584.191044770838,20576.964244517938,16625.82330355329,1869,165.0
0,356,37618.52348614649,-3578.3839259752926,20477.766256195646,14979.503845462772,1869,165.0
0,357,37618.52348614649,-3598.512517114403,20580.105362173337,16831.58034502737,1869,165.0
0,358,37618.52348614649,-3579.9596637267173,20562.975502292724,16215.902220814394,1869,165.0
0,359,37618.52348614649,-3580.04717152536,20515.117145623866,18683.930055762965,1869,165.0
0,360,37618.52348614649,-3586.6820611997487,20563.919684665325,17861.351284093158,1869,165.0
0,361,37618.52348614649,-3590.384660576141,20572.685873714458,16419.117255820776,1869,165.0
0,362,37618.52348614649,-3587.8361682676014,20530.016942621565,15597.389544789845,1869,165.0
0,363,37618.52348614649,-3584.4641967493053,20563.464245651678,17861.78816488674,1869,165.0
0,364,37618.52348614649,-3578.3255006955937,20405.69730256395,19713.626998979595,1869,165.0
0,365,37618.52348614649,-3580.017192725278,20514.924514154394,18684.106672671463,1869,165.0
0,366,37618.52348614649,-3580.335042375767,20543.371149369043,18272.90234087787,1869,165.0
0,367,37618.52348614649,-3586.712143396152,20577.347554037227,17448.69017423819,1869,165.0
0,368,37618.52348614649,-3593.4868995104425,20580.018778005982,17243.288705174797,1869,165.0
0,369,37618.52348614649,-3575.0801980957417,20576.98366796991,16625.802864046276,1869,165.0
0,370,37618.52348614649,-3580.4414839954675,20563.299272781587,17861.94596044163,1869,165.0
0,371,37618.52348614649,-3588.888764545726,20406.341434922684,19713.062019791356,1869,165.0
0,372,37618.52348614649,-3576.110863590185,20280.571626060682,20537.012782814476,1869,165.0
0,373,37618.52348614649,-3575.488090468761,20543.17517019598,18273.087154692643,1869,165.0
0,374,37618.52348614649,-3576.5820271181055,20570.038964517047,17656.602314028143,1869,165.0
0,375,37618.52348614649,-3581.5713691636097,20564.556508924412,16214.256542121024,1869,165.0
0,376,37618.52348614649,-3587.419492269895,20556.076370957235,16007.615981026189,1869,165.0
0,377,37618.52348614649,-3576.9163876810726,20576.18679519688,16626.615715607957,1869,165.0
0,378,37618.52348614649,-3576.680219157275,20575.87728872485,16626.93206894504,1869,165.0
0,379,37618.52348614649,-3574.3938091457094,20580.722655693877,17037.80250038787,1869,165.0
0,380,37618.52348614649,-3585.3996700721355,20544.18232495765,18272.139049553465,1869,165.0
0,381,37618.52348614649,-3586.8833382013254,20530.623482331033,18478.093721504654,1869,165.0
0,382,37618.52348614649,-3579.9976538614187,20455.702408016274,19301.796288788424,1869,165.0
0,383,37618.52348614649,-3583.476127511841,20579.230700447784,17244.06777912275,1869,165.0
0,384,37618.52348614649,-3585.3768311373838,20554.52577380309,16009.245806353696,1869,165.0
0,385,37618.52348614649,-3573.2192650669203,20576.26381712976,16626.53703672757,1869,165.0
0,386,37618.52348614649,-3588.7372643023455,20456.564700176503,14773.104727363145,1869,165.0
0,387,37618.52348614649,-3582.2079510561125,20497.623608212354,15185.0760903869,1869,165.0
0,388,37618.52348614649,-3586.772511766838,20478.294024173036,19095.21100258338,1869,165.0
0,389,37618.52348614649,-3587.303875275365,20245.363683199274,20741.67037120434,1869,165.0
0,390,37618.52348614649,-3591.5894074659973,20530.549908846246,18478.161785539345,1869,165.0
0,391,37618.52348614649,-3582.1873624685427,20581.500861240365,16830.170079755855,1869,165.0
0,392,37618.52348614649,-3595.2268612546313,20572.810618228115,16418.98974678594,1869,165.0
0,393,37618.52348614649,-3579.4582387923847,20543.016147723436,15803.626321736949,1869,165.0
0,394,37618.52348614649,-3589.176311134687,20565.166870229965,16213.62181934928,1869,165.0
0,395,37618.52348614649,-3580.767826935574,20555.221832020623,18066.6101647702,1869,165.0
0,396,37618.52348614649,-3586.0528166340955,20497.486339135667,18889.80742533365,1869,165.0
0,397,37618.52348614649,-3592.7476833197084,20165.015742700438,21153.858187499944,1869,165.0
0,398,37618.52348614649,-3560.059146482968,20529.659878424674,18478.991059477663,1869,165.0
0,399,37618.52348614649,-3583.4288225061127,20281.233512590963,20536.45544082996,1869,165.0
0,400,37618.52348614649,-3596.939090051717,20348.148654175468,20124.672849558017,1869,165.0
0,401,37618.52348614649,-3589.7482568076466,20205.686504317528,20948.25493832077,1869,165.0
0,402,37618.52348614649,-3574.167804131112,20347.107114925006,20125.56805814149,1869,165.0
0,403,37618.52348614649,-3580.2598700640838,20314.951452185407,20331.253761536824,1869,165.0
0,404,37618.52348614649,-3580.53418478627,20496.93995739039,18890.306168968105,1869,165.0
0,405,37618.52348614649,-3590.467162724224,20477.092398928533,19096.297819718806,1869,165.0
0,406,37618.52348614649,-3576.784677197971,20454.98674924733,19302.436963376123,1869,165.0
0,407,37618.52348614649,-3589.486791859311,20516.33243038646,18682.80846111761,1869,165.0
0,408,37618.52348614649,-3587.877899321217,20244.94022230053,20742.02338913121,1869,165.0
0,409,37618.52348614649,-3587.828933732532,20515.31024260438,18683.751197930913,1869,165.0
0,410,37618.52348614649,-3580.330041297156,20576.09107141769,17449.921887717293,1869,165.0
0,411,37618.52348614649,-3587.7628773872875,20515.60833601951,18683.476216279603,1869,165.0
0,412,37618.52348614649,-3598.2905180098433,20571.459561048472,17655.22378866309,1869,165.0
0,413,37618.52348614649,-3591.0754682212523,20571.43154015984,17655.25137227841,1869,165.0
0,414,37618.52348614649,-3587.829980879867,20576.360670370123,16626.43882631591,1869,165.0
0,415,37618.52348614649,-3587.4194124017386,20578.04324385541,16624.722037176853,1869,165.0
0,416,37618.52348614649,-3594.109064134763,20565.426133330602,16213.352536142354,1869,165.0
0,417,37618.52348614649,-3587.760715184143,20530.43753337919,15596.938593014524,1869,165.0
0,418,37618.52348614649,-3595.9439874618774,20564.494026836062,17860.798745740914,1869,165.0
0,419,37618.52348614649,-3596.901486445922,20565.34775686985,17859.978560019896,1869,165.0
0,420,37618.52348614649,-3593.5757668918573,20564.581233454737,16214.231034067565,1869,165.0
0,421,37618.52348614649,-3589.11020420465,20477.896813068997,14979.359311936423,1869,165.0
0,422,37618.52348614649,-3579.6214250385106,20554.836034600045,18066.976166380922,1869,165.0
0,423,37618.52348614649,-3573.9076554082135,20529.665600592158,18478.98608790427,1869,165.0
0,424,37618.52348614649,-3585.9657889763703,20205.873337797784,20948.100211328954,1869,165.0
0,425,37618.52348614649,-3598.798548875421,19815.93727242304,22594.918321452325,1869,165.0
0,426,37618.52348614649,-3582.510515639556,20164.693793023824,21154.120789450844,1869,165.0
0,427,37618.52348614649,-3575.43773625048,20281.408641395617,20536.307477774695,1869,165.0
0,428,37618.52348614649,-3590.740301965039,20121.652792349316,21359.873281581673,1869,165.0
0,429,37618.52348614649,-3592.349069799237,20406.811845647393,19712.64904730449,1869,165.0
0,430,37618.52348614649,-3579.566451721907,20456.318172104853,19301.244997845402,1869,165.0
0,431,37618.52348614649,-3577.2755305048927,20497.300468007194,18889.976587001092,1869,165.0
0,432,37618.52348614649,-3575.30128370513,20431.18744194895,19508.21236543125,1869,165.0
0,433,37618.52348614649,-3575.7225885309854,20554.279179371733,18067.505755509905,1869,165.0
0,434,37618.52348614649,-3591.81682512865,20245.078536429926,20741.90867526261,1869,165.0
0,435,37618.52348614649,-3573.0888557184876,19979.924274082936,21976.614009106066,1869,165.0
0,436,37618.52348614649,-3591.153666702356,20121.88678268991,21359.683981036447,1869,165.0
0,437,37618.52348614649,-3576.616015307999,20575.677796733173,17450.326353408884,1869,165.0
0,438,37618.52348614649,-3583.657953284206,20515.027587989916,18684.01232048127,1869,165.0
0,439,37618.52348614649,-3578.559077840515,20572.061478079402,16419.761277368205,1869,165.0
0,440,37618.52348614649,-3581.4106252111083,20498.261876115816,18889.098567955392,1869,165.0
0,441,37618.52348614649,-3577.832685790301,20477.91250553504,19095.556341462176,1869,165.0
0,442,37618.52348614649,-3585.749709709355,20579.7938483751,17243.193752133076,1869,165.0
0,443,37618.52348614649,-3572.158090084262,20578.687953581168,17244.288327479695,1869,165.0
0,444,37618.52348614649,-3579.179514939703,20496.749503626048,15185.681016869537,1869,165.0
0,445,37618.52348614649,-3587.199530760863,20543.40432236493,18272.26931388543,1869,165.0
0,446,37618.52348614649,-3583.4774512883123,20576.2751346558,17449.114800897823,1869,165.0
0,447,37618.52348614649,-3590.77672691349,20565.07078715946,16213.721383238488,1869,165.0
0,448,37618.52348614649,-3581.0028038706346,20579.838769293987,16831.849130800852,1869,165.0
0,449,37618.52348614649,-3586.355587728962,20555.400748486387,18066.43903295586,1869,165.0
0,450,37618.52348614649,-3582.4025228960254,20579.773892613255,16831.914879519347,1869,165.0
0,451,37618.52348614649,-3582.04434591168,20530.71264271734,18478.010588641024,1869,165.0
0,452,37618.52348614649,-3578.358348398731,20571.544599156477,16420.29301491175,1869,165.0
0,453,37618.52348614649,-3589.312876900529,20576.899748773278,17449.12952305069,1869,165.0
0,454,37618.52348614649,-3591.243380921452,20554.984536945874,18066.83445985819,1869,165.0
0,455,37618.52348614649,-3575.008505175461,20244.255819449358,20742.593525579614,1869,165.0
0,456,37618.52348614649,-3579.0775823311797,20245.02585314948,20741.951287502012,1869,165.0
0,457,37618.52348614649,-3582.571654446939,20554.793664062076,18067.016401449575,1869,165.0
0,458,37618.52348614649,-3577.1285987983,20577.0579246451,16625.727104549518,1869,165.0
0,459,37618.52348614649,-3587.741642424187,20571.743729956837,17654.948713469905,1869,165.0
0,460,37618.52348614649,-3603.8858927772635,20514.933372392356,15391.156508422459,1869,165.0
0,461,37618.52348614649,-3581.6308506004466,20544.208835056183,18272.114340738302,1869,165.0
0,462,37618.52348614649,-3592.6822795131834,20579.464761765637,16832.226393197103,1869,165.0
0,463,37618.52348614649,-3582.166106660766,20514.982007864342,15391.103157759278,1869,165.0
0,464,37618.52348614649,-3590.877031140593,20479.030502340396,19094.54558770804,1869,165.0
0,465,37618.52348614649,-3586.709027511668,20564.88762373684,16213.911525663701,1869,165.0
0,466,37618.52348614649,-3578.8260559645523,20578.168065463226,17447.885995092056,1869,165.0
0,467,37618.52348614649,-3586.257242170669,20580.20940401995,17243.100412400003,1869,165.0
0,468,37618.52348614649,-3594.7743888385676,20579.313655977003,17243.987651294734,1869,165.0
0,469,37618.52348614649,-3581.8349722594103,20543.859123416878,18272.443011737818,1869,165.0
0,470,37618.52348614649,-3594.4020246706486,20579.868763705188,17243.43688304396,1869,165.0
0,471,37618.52348614649,-3583.0604574296704,20406.28864331792,19713.108648781894,1869,165.0
0,472,37618.52348614649,-3591.0012108714636,20516.734578684205,18682.436809839586,1869,165.0
0,473,37618.52348614649,-3577.7959157979462,20122.099440316604,21359.51261885502,1869,165.0
0,474,37618.52348614649,-3562.3380540932326,20455.04436407715,19302.38476472853,1869,165.0
0,475,37618.52348614649,-3592.415289322171,20432.76707515723,19506.8130825503,1869,165.0
0,476,37618.52348614649,-3588.115824947667,20571.57629034136,17655.110190510517,1869,165.0
0,477,37618.52348614649,-3585.5046994651098,20564.983310611056,17860.328346458733,1869,165.0
0,478,37618.52348614649,-3588.6356056902123,20497.780960952055,18889.538127778116,1869,165.0
0,479,37618.52348614649,-3594.6246346607722,20431.14211268621,19508.25297345717,1869,165.0
0,480,37618.52348614649,-3585.5339643611933,20477.968187449427,19095.505747318613,1869,165.0
0,481,37618.52348614649,-3574.312692587153,20377.811966176283,19919.29514360676,1869,165.0
0,482,37618.52348614649,-3577.109468911734,20542.949952875024,18273.29883118035,1869,165.0
0,483,37618.52348614649,-3581.9479499443673,20478.118377813516,19095.369697143535,1869,165.0
0,484,37618.52348614649,-3583.8057718977852,20555.29565184618,18066.53924089018,1869,165.0
0,485,37618.52348614649,-3580.758999899201,20528.233762558586,18480.321078552155,1869,165.0
0,486,37618.52348614649,-3575.4977897049803,20580.120005787143,16831.564342620062,1869,165.0
0,487,37618.52348614649,-3574.579580652434,20564.64110509244,16214.167481019505,1869,165.0
0,488,37618.52348614649,-3579.068088180621,20477.176311233357,19096.22193489802,1869,165.0
0,489,37618.52348614649,-3570.799357250146,20432.021654964006,19507.472942007254,1869,165.0
0,490,37618.52348614649,-3588.167329999371,20555.43928291703,18066.402580964623,1869,165.0
0,491,37618.52348614649,-3584.8063738244227,20315.407973563237,20330.865219873125,1869,165.0
0,492,37618.52348614649,-3582.011244510651,20206.057147435982,20947.948770890758,1869,165.0
0,493,37618.52348614649,-3581.482414945091,20431.913336730202,19507.56909829621,1869,165.0
0,494,37618.52348614649,-3587.570129466646,20579.946226626595,17243.359753481418,1869,165.0
0,495,37618.52348614649,-3600.812629897284,20543.895103954783,15802.693348532046,1869,165.0
0,496,37618.52348614649,-3584.5173988966244,20498.19513391906,18889.15979724894,1869,165.0
0,497,37618.52348614649,-3588.658132636244,20497.129597746705,18890.133060623008,1869,165.0
0,498,37618.52348614649,-3583.253029700511,20576.949979674813,17449.080604717215,1869,165.0
0,499,37618.52348614649,-3582.8113361534915,20571.87261274374,16419.955001487993,1869,165.0
0,500,37618.52348614649,-3590.7551635573764,20476.6836406573,14980.700287764195,1869,165.0
0,501,37618.52348614649,-3573.971516230853,20578.423969536867,16833.27754245166,1869,165.0
0,502,37618.52348614649,-3573.1083910701263,20554.388444698685,18067.401863409235,1869,165.0
0,503,37618.52348614649,-3583.9517491097286,20555.603471447343,18066.24654670062,1869,165.0
0,504,37618.52348614649,-3587.2522944186176,20543.123534825863,18273.13602821522,1869,165.0
0,505,37618.52348614649,-3579.5033902639934,20206.5445108166,20947.546636685078,1869,165.0
0,506,37618.52348614649,-3592.6426720854183,20477.962770528564,19095.510519820153,1869,165.0
0,507,37618.52348614649,-3578.658879657401,20456.203954689856,19301.347095248275,1869,165.0
0,508,37618.52348614649,-3579.0643846080307,20432.188273945292,19507.325496378082,1869,165.0
0,509,37618.52348614649,-3584.520285833326,20514.931352204465,18684.100696236077,1869,165.0
0,510,37618.52348614649,-3576.782573575357,20165.225365929156,21153.686792533368,1869,165.0
0,511,37618.52348614649,-3584.994018966531,20497.122406454713,18890.139237503085,1869,165.0
0,512,37618.52348614649,-3573.0345001875376,20554.835922451555,16008.918624328006,1869,165.0
0,513,37618.52348614649,-3586.725664389804,20543.407713223198,18272.756099593244,1869,165.0
0,514,37618.52348614649,-3580.3632729686005,20529.596798091065,18478.82852937839,1869,165.0
0,515,37618.52348614649,-3597.8646887217906,20579.325381857107,17243.974963649813,1869,165.0
0,516,37618.52348614649,-3579.1765102283275,20581.307588301144,17037.21771100948,1869,165.0
0,517,37618.52348614649,-3575.9430038164837,20542.36509188975,18273.849669069896,1869,165.0
0,518,37618.52348614649,-3590.001604679807,20378.37451366821,19918.80727681751,1869,165.0
0,519,37618.52348614649,-3578.4491661065344,20378.62323096941,19918.591042856046,1869,165.0
0,520,37618.52348614649,-3575.3494695964073,20577.094051961736,17448.938715747227,1869,165.0
0,521,37618.52348614649,-3575.5478746502004,20543.756318323445,18272.53976359306,1869,165.0
0,522,37618.52348614649,-3595.9808780736066,20378.587690145338,14155.864664258965,1869,165.0
0,523,37618.52348614649,-3581.970503544299,20580.987990368365,17037.53797588792,1869,165.0
0,524,37618.52348614649,-3623.5656913256416,20496.396824064985,18890.80263407814,1869,165.0
0,525,37618.52348614649,-3586.45619755765,20581.15488654662,17037.370479972113,1869,165.0
0,526,37618.52348614649,-3579.7632318667315,20579.916381990548,16831.770590390282,1869,165.0
0,527,37618.52348614649,-3585.267331805452,20514.745613370647,18684.271993535134,1869,165.0
0,528,37618.52348614649,-3577.080488165614,20554.147690368554,16009.642170845584,1869,165.0
0,529,37618.52348614649,-3594.239290753142,20579.378890809483,16832.313905316063,1869,165.0
0,530,37618.52348614649,-3583.374402037801,20531.154864998512,18477.598971272426,1869,165.0
0,531,37618.52348614649,-3586.1108346957403,20576.438309919602,17449.582199475626,1869,165.0
0,532,37618.52348614649,-3575.6928626470994,20529.883983295844,15597.532054270709,1869,165.0
0,533,37618.52348614649,-3577.9650510134034,20581.017317868744,17037.507515878075,1869,165.0
0,534,37618.52348614649,-3579.372603576427,20564.561675245008,17860.733393280032,1869,165.0
0,535,37618.52348614649,-3588.7216575564503,20572.001656298507,16419.822520999995,1869,165.0
0,536,37618.52348614649,-3599.050349804503,20577.452392109917,17448.587721646287,1869,165.0
0,537,37618.52348614649,-3573.7056837562154,20455.592070400926,14774.189444351523,1869,165.0
0,538,37618.52348614649,-3574.6356447529274,20496.389698343282,18890.808885947605,1869,165.0
0,539,37618.52348614649,-3580.8340582523792,20315.186055150738,20331.053786320866,1869,165.0
0,540,37618.52348614649,-3593.814906548537,20166.3825751432,21152.742290810038,1869,165.0
0,541,37618.52348614649,-3579.541754894768,20406.461421229,19712.956594301675,1869,165.0
0,542,37618.52348614649,-3577.4867224445507,20498.110651690353,15184.54287221781,1869,165.0
0,543,37618.52348614649,-3587.0264895842,20544.606320763152,18271.74022652585,1869,165.0
0,544,37618.52348614649,-3592.082057081789,20576.65210262857,17449.37204916897,1869,165.0
0,545,37618.52348614649,-3579.6952498663536,20456.12165111476,19301.421030968704,1869,165.0
0,546,37618.52348614649,-3603.071907597759,20497.351610170073,18889.930145993578,1869,165.0
0,547,37618.52348614649,-3589.4761132019526,20497.52928905587,18889.7677053644,1869,165.0
0,548,37618.52348614649,-3577.2745597150656,20406.29917198919,19713.098781945464,1869,165.0
0,549,37618.52348614649,-3583.781300629725,20530.701367958638,18478.020670913073,1869,165.0
0,550,37618.52348614649,-3593.169251368779,20348.059818424306,20124.749542074493,1869,165.0
0,551,37618.52348614649,-3581.2480386905163,20555.198758676663,18066.631116123765,1869,165.0
0,552,37618.52348614649,-3581.4308553988812,20571.55490457584,17655.131109138263,1869,165.0
0,553,37618.52348614649,-3587.1963283543973,20571.73365111086,17654.958275627774,1869,165.0
0,554,37618.52348614649,-3583.0278984144647,20379.177977362346,19918.109280913486,1869,165.0
0,555,37618.52348614649,-3580.13824787321,20529.71669588846,18478.93889734507,1869,165.0
0,556,37618.52348614649,-3597.1382364709348,20575.853358424196,16626.956732126455,1869,165.0
0,557,37618.52348614649,-3572.626068997521,20571.22291758151,17655.453375481626,1869,165.0
0,558,37618.52348614649,-3587.1499113535083,20281.22725137537,20536.460808422944,1869,165.0
0,559,37618.52348614649,-3575.460312775048,19815.997129104664,22594.87290160537,1869,165.0
0,560,37618.52348614649,-3577.7223756541985,20513.96061797985,18684.996163596854,1869,165.0
0,561,37618.52348614649,-3581.541265882829,20571.331055203314,17655.348363382822,1869,165.0
0,562,37618.52348614649,-3584.2178109781753,20544.088892800715,15802.48776128623,1869,165.0
0,563,37618.52348614649,-3591.9030256483575,20565.289895657115,17859.926136492006,1869,165.0
0,564,37618.52348614649,-3579.522413586821,20570.52152890658,17656.1343840945,1869,165.0
0,565,37618.52348614649,-3583.734415089297,20564.983702171285,17860.327551199152,1869,165.0
0,566,37618.52348614649,-3596.6556150391,20556.3936234356,16007.28252254126,1869,165.0
0,567,37618.52348614649,-3579.9252511795094,20554.21871318593,18067.564122510354,1869,165.0
0,568,37618.52348614649,-3587.059164250814,20576.6284930775,16626.16548089334,1869,165.0
0,569,37618.52348614649,-3593.8610666614154,20565.04479465721,17860.269686661766,1869,165.0
0,570,37618.52348614649,-3590.5710673539356,20564.500502058825,16214.314489503815,1869,165.0
0,571,37618.52348614649,-3578.8262099071326,20529.72521878091,18478.931653442316,1869,165.0
0,572,37618.52348614649,-3580.8959407024513,20454.922230380052,19302.495140649957,1869,165.0
0,573,37618.52348614649,-3577.9124373646214,20564.659670241446,17860.63918533216,1869,165.0
0,574,37618.52348614649,-3586.055756146512,20576.707342195692,17449.317929597342,1869,165.0
0,575,37618.52348614649,-3586.8735040366,20577.000785397962,17449.029756522676,1869,165.0
0,576,37618.52348614649,-3593.0352367893147,20580.67892410281,17242.634361749788,1869,165.0
0,577,37618.52348614649,-3585.772969439529,20577.70644486863,16625.06547188591,1869,165.0
0,578,37618.52348614649,-3578.2010886007906,20530.553476480494,18478.159018057286,1869,165.0
0,579,37618.52348614649,-3585.6043504325644,20432.79686758591,19506.786361138424,1869,165.0
0,580,37618.52348614649,-3589.27934250656,20377.750211023736,19919.349232137276,1869,165.0
0,581,37618.52348614649,-3594.0026292044354,20456.404597923938,19301.168093554374,1869,165.0
0,582,37618.52348614649,-3594.0222175752383,20455.54055982126,19301.940814187248,1869,165.0
0,583,37618.52348614649,-3592.284430203216,20571.097821591455,17655.574967675504,1869,165.0
0,584,37618.52348614649,-3589.2589073230984,20544.317082240952,15802.123031125928,1869,165.0
0,585,37618.52348614649,-3586.8110831937074,20579.11294267034,16832.582324570034,1869,165.0
0,586,37618.52348614649,-3586.323726588063,20571.55536943098,17655.131573308823,1869,165.0
0,587,37618.52348614649,-3595.8853550143167,20456.128490696083,19301.41491285611,1869,165.0
0,588,37618.52348614649,-3578.084980627721,20164.610629785293,21154.188744214844,1869,165.0
0,589,37618.52348614649,-3577.6014997483653,20280.762833262008,20536.85130399802,1869,165.0
0,590,37618.52348614649,-3578.12739888915,20576.66962256494,16626.123168279002,1869,165.0
0,591,37618.52348614649,-3588.4186650819006,20555.236563427417,18066.187456834086,1869,165.0
0,592,37618.52348614649,-3590.7587534728027,20514.65872065025,18684.352414972433,1869,165.0
0,593,37618.52348614649,-3591.6586390735106,20577.319957610103,16625.46023150419,1869,165.0
0,594,37618.52348614649,-3584.9316767442565,20456.119066816966,19301.42334131256,1869,165.0
0,595,37618.52348614649,-3591.002981621068,20514.71702540131,18684.298784626342,1869,165.0
0,596,37618.52348614649,-3577.2308231428838,20580.87558131137,16830.80143688463,1869,165.0
0,597,37618.52348614649,-3585.531368758645,20478.26868917516,14978.947967214419,1869,165.0
0,598,37618.52348614649,-3597.015201693041,20166.334187521716,12919.913443757672,1869,165.0
0,599,37618.52348614649,-3596.8794969010273,20406.545958285657,14361.774694218004,1869,165.0
0,600,37618.52348614649,-3594.876194602314,20431.87572286396,14568.262071381978,1869,165.0
0,601,37618.52348614649,-3598.2504961494888,20580.12064282765,17243.07316277139,1869,165.0
0,602,37618.52348614649,-3577.082494024544,20555.43061335801,18066.316229703323,1869,165.0
0,603,37618.52348614649,-3585.742926191249,20531.14430493523,18477.608714249203,1869,165.0
0,604,37618.52348614649,-3568.758890980186,20513.995159123653,18684.964435000074,1869,165.0
0,605,37618.52348614649,-3583.9017078023207,20478.05853927111,19095.42390963421,1869,165.0
0,606,37618.52348614649,-3581.992678498868,20579.423388674048,17243.8767765716,1869,165.0
0,607,37618.52348614649,-3582.192338747108,20577.237371641404,17448.798345322182,1869,165.0
0,608,37618.52348614649,-3579.2614037891954,20478.670539920946,19094.870420620613,1869,165.0
0,609,37618.52348614649,-3576.9643261994793,20378.730917102002,19918.497210249076,1869,165.0
0,610,37618.52348614649,-3574.4552870415014,20554.75427148231,18067.05347910215,1869,165.0
0,611,37618.52348614649,-3578.0223847627503,20555.07643167314,16008.489276517748,1869,165.0
0,612,37618.52348614649,-3585.7275258622685,20576.43932147934,17449.416573996452,1869,165.0
0,613,37618.52348614649,-3598.5805903424653,20564.181301335393,17861.099101410626,1869,165.0
0,614,37618.52348614649,-3577.897439496627,20543.395380891707,18272.879790423016,1869,165.0
0,615,37618.52348614649,-3582.77365140948,20555.013782344497,18066.806910736937,1869,165.0
0,616,37618.52348614649,-3590.179884951401,20580.36344709155,17242.94682494325,1869,165.0
0,617,37618.52348614649,-3578.2855495423396,20571.23539140795,16420.611543211333,1869,165.0
0,618,37618.52348614649,-3600.242698933324,20580.908079925375,17037.618129874532,1869,165.0
0,619,37618.52348614649,-3593.59757700703,20580.18105587185,17243.127689918467,1869,165.0
0,620,37618.52348614649,-3586.8571398914896,20543.819338400244,15802.774237426258,1869,165.0
0,621,37618.52348614649,-3595.824624470987,20555.148061035747,16008.593109893149,1869,165.0
0,622,37618.52348614649,-3595.2421204418533,20570.508923523328,16421.36160748912,1869,165.0
0,623,37618.52348614649,-3587.017022094609,20476.977008584643,14980.377123716078,1869,165.0
0,624,37618.52348614649,-3585.0550705400556,20576.92090266296,17449.108749375686,1869,165.0
0,625,37618.52348614649,-3590.7400100606073,20378.244929734894,19918.920350509594,1869,165.0
0,626,37618.52348614649,-3576.428560580693,20454.485725015737,19302.885723848547,1869,165.0
0,627,37618.52348614649,-3581.9896090353254,20515.340477880876,18683.72305442171,1869,165.0
0,628,37618.52348614649,-3576.080354749831,20497.927518811648,18889.40361326627,1869,165.0
0,629,37618.52348614649,-3600.0626989228113,20555.632661966112,18066.219326304705,1869,165.0
0,630,37618.52348614649,-3584.034364408515,20579.953388992006,17243.35308701197,1869,165.0
0,631,37618.52348614649,-3593.9713454966745,20514.807570566994,18684.21572229684,1869,165.0
0,632,37618.52348614649,-3597.4008840129454,20563.580873171915,17861.676209305857,1869,165.0
0,633,37618.52348614649,-3584.8603653735117,20530.150537736845,15597.246365061736,1869,165.0
0,634,37618.52348614649,-3597.7476047794994,20315.810566682474,20330.52352647354,1869,165.0
0,635,37618.52348614649,-3574.081989183116,20477.523268983452,19095.90771742035,1869,165.0
0,636,37618.52348614649,-3572.4058335563136,20348.6712388392,20124.223441214363,1869,165.0
0,637,37618.52348614649,-3598.9305548189895,20578.522258564422,16833.179027411883,1869,165.0
0,638,37618.52348614649,-3576.4054764626007,20555.84538359612,18066.01622036266,1869,165.0
0,639,37618.52348614649,-3583.2465082471426,20580.88348712221,17037.641797095526,1869,165.0
0,640,37618.52348614649,-3591.5558030108573,20576.904024723182,16625.885071315577,1869,165.0
0,641,37618.52348614649,-3594.0543101876183,20572.797093831865,17653.926549524695,1869,165.0
0,642,37618.52348614649,-3581.7662081417084,20554.88709148975,16008.865412387788,1869,165.0
0,643,37618.52348614649,-3578.2213423789017,20514.478244421454,15391.64912715179,1869,165.0
0,644,37618.52348614649,-3578.59812267719,20528.718830226564,18479.868981328138,1869,165.0
0,645,37618.52348614649,-3575.5234850462743,20529.446881607113,18479.189973765286,1869,165.0
0,646,37618.52348614649,-3589.65987077569,20477.385923230755,19096.032290728843,1869,165.0
0,647,37618.52348614649,-3578.0272735669005,20315.454312965532,20330.82604121166,1869,165.0
0,648,37618.52348614649,-3570.6758729659246,20348.12323194304,20124.694432509146,1869,165.0
0,649,37618.52348614649,-3591.960010334931,20576.805527834535,17449.221169866894,1869,165.0
0,650,37618.52348614649,-3588.4548544479308,20348.706061741,20124.19385728426,1869,165.0
0,651,37618.52348614649,-3571.362558939236,20077.157004564877,21565.028897096417,1869,165.0
0,652,37618.52348614649,-3581.6317950237867,20348.12208229858,20124.695618547095,1869,165.0
0,653,37618.52348614649,-3586.290752846599,20543.56602208279,18272.718993952607,1869,165.0
0,654,37618.52348614649,-3588.3109740806444,20498.71260422185,18888.686349111937,1869,165.0
0,655,37618.52348614649,-3589.0485770845244,20572.503169028943,17654.211566472477,1869,165.0
0,656,37618.52348614649,-3595.644532650722,20543.807759797048,15802.785504129954,1869,165.0
0,657,37618.52348614649,-3582.108273714193,20580.657941445766,17242.654701549895,1869,165.0
0,658,37618.52348614649,-3587.578671362841,20315.98587556729,20330.37396837896,1869,165.0
0,659,37618.52348614649,-3584.8590932255347,20514.90362507569,18684.126117605338,1869,165.0
0,660,37618.52348614649,-3577.677555413635,20544.115200718636,18271.814139897095,1869,165.0
0,661,37618.52348614649,-3584.876770543925,20554.97546990826,16008.77208012711,1869,165.0
0,662,37618.52348614649,-3585.8572554334064,20530.294475864514,15597.092148921187,1869,165.0
0,663,37618.52348614649,-3589.5976073830398,20530.1351959701,18478.54889525066,1869,165.0
0,664,37618.52348614649,-3591.507475260976,20497.02564418535,15185.730271621267,1869,165.0
0,665,37618.52348614649,-3596.5634949143414,20543.169735313317,15803.464310341435,1869,165.0
0,666,37618.52348614649,-3581.3732011570823,20570.836092066525,16421.023384579086,1869,165.0
0,667,37618.52348614649,-3588.0194778282894,20579.047498867043,16832.648236871384,1869,165.0
0,668,37618.52348614649,-3572.9610890094355,20553.721874886654,18068.03589070754,1869,165.0
0,669,37618.52348614649,-3586.486204151358,20581.57640216943,17036.949128223496,1869,165.0
0,670,37618.52348614649,-3588.3269479193477,20579.61214568579,16832.079084634726,1869,165.0
0,671,37618.52348614649,-3579.198562075283,20580.800123453613,17037.725833025623,1869,165.0
0,672,37618.52348614649,-3578.5470134024795,20530.011884072257,18478.663644134398,1869,165.0
0,673,37618.52348614649,-3578.891781890244,20315.799655772007,20330.531801301106,1869,165.0
0,674,37618.52348614649,-3587.0900338045567,20498.10400443907,18889.242977592363,1869,165.0
0,675,37618.52348614649,-3591.997054528143,20579.887133124234,17243.417996665085,1869,165.0
0,676,37618.52348614649,-3577.5714943376724,20580.898702254588,17037.627205881017,1869,165.0
0,677,37618.52348614649,-3586.5990047233236,20531.117889575067,15596.208916837299,1869,165.0
0,678,37618.52348614649,-3590.5511592191315,20545.7940510555,18270.62188934041,1869,165.0
0,679,37618.52348614649,-3593.9141004578455,20530.499793364692,18478.209156708665,1869,165.0
0,680,37618.52348614649,-3582.309910279615,20571.74921571429,17654.9427136501,1869,165.0
0,681,37618.52348614649,-3581.9060415352387,20563.6718984154,16215.177182178697,1869,165.0
0,682,37618.52348614649,-3582.423786483457,20544.04508865153,15802.53306761952,1869,165.0
0,683,37618.52348614649,-3592.048819037099,20580.014394833233,17243.292833868803,1869,165.0
0,684,37618.52348614649,-3597.762116181534,20577.178376427946,17448.856518216475,1869,165.0
0,685,37618.52348614649,-3589.0815507141774,20479.329374086403,14977.776289035259,1869,165.0
0,686,37618.52348614649,-3584.890713892407,20432.673937174415,14567.36129405584,1869,165.0
0,687,37618.52348614649,-3594.030240638478,20580.39929188345,17242.91205834613,1869,165.0
0,688,37618.52348614649,-3587.34931406791,20514.864705421413,18683.92013144747,1869,165.0
0,689,37618.52348614649,-3576.324111400706,20514.465973222035,18684.529629703044,1869,165.0
0,690,37618.52348614649,-3587.98766558255,20477.517036046225,19095.914419193472,1869,165.0
0,691,37618.52348614649,-3588.1929765047093,20564.66065771891,17860.638688549963,1869,165.0
0,692,37618.52348614649,-3586.238564716431,20581.119865776676,17242.197977572803,1869,165.0
0,693,37618.52348614649,-3590.8828363789,20580.339874968253,17038.18539433895,1869,165.0
0,694,37618.52348614649,-3597.8857967197473,20531.44627618921,18477.327086351568,1869,165.0
0,695,37618.52348614649,-3587.164488831926,20570.454837972888,17656.19957572346,1869,165.0
0,696,37618.52348614649,-3576.382837157058,20554.29153784557,18067.08653921662,1869,165.0
0,697,37618.52348614649,-3588.228661614796,20580.394283880698,16830.424745516706,1869,165.0
0,698,37618.52348614649,-3589.9140192753557,20579.62752262425,17243.676077116146,1869,165.0
0,699,37618.52348614649,-3578.7668922951543,20579.05557750586,17244.24149694359,1869,165.0
0,700,37618.52348614649,-3587.0617479126636,20378.10732746603,19919.040135817533,1869,165.0
0,701,37618.52348614649,-3586.4680726623174,20576.334350192054,17449.68351927505,1869,165.0
0,702,37618.52348614649,-3581.49697558433,20496.476587070294,18890.729673586164,1869,165.0
0,703,37618.52348614649,-3582.489662297921,20579.716434250462,17038.38022901974,1869,165.0
0,704,37618.52348614649,-3580.155401511789,20565.289984038056,16213.493097965507,1869,165.0
0,705,37618.52348614649,-3608.081203512099,20498.131633650188,18889.218037080056,1869,165.0
0,706,37618.52348614649,-3579.172118532552,20348.084314963602,20124.728150392537,1869,165.0
0,707,37618.52348614649,-3583.8574307682993,20456.19944279158,19301.35146360863,1869,165.0
0,708,37618.52348614649,-3586.335196103586,20496.52754734587,18890.68276711972,1869,165.0
0,709,37618.52348614649,-3586.1817747162504,20544.565221559427,15801.981109995319,1869,165.0
0,710,37618.52348614649,-3591.475476280094,20555.54424775936,18066.302970410412,1869,165.0
0,711,37618.52348614649,-3599.933228978245,20477.53790722302,19095.895479945342,1869,165.0
0,712,37618.52348614649,-3585.518609093825,20579.196575659455,17244.1016755115,1869,165.0
0,713,37618.52348614649,-3585.5476637138977,20554.778091995086,16008.98004011854,1869,165.0
0,714,37618.52348614649,-3589.433293440085,20564.398425700965,17860.8906181691,1869,165.0
0,715,37618.52348614649,-3579.9835126072953,20554.420990429124,18067.370864244585,1869,165.0
0,716,37618.52348614649,-3578.120637139006,20555.531691410393,18066.31422749786,1869,165.0
0,717,37618.52348614649,-3590.33941256212,20576.863901012104,17449.164868561384,1869,165.0
0,718,37618.52348614649,-3594.9866457755757,20406.66634064347,19712.712823035457,1869,165.0
0,719,37618.52348614649,-3578.811163550187,20571.37885718936,16420.46424122669,1869,165.0
0,720,37618.52348614649,-3590.526277887072,20529.971369895255,15597.439788073889,1869,165.0
0,721,37618.52348614649,-3589.509604150042,20543.271691200436,18272.996948983495,1869,165.0
0,722,37618.52348614649,-3574.2149987762605,20497.080355357717,18890.1775768233,1869,165.0
0,723,37618.52348614649,-3596.5014060364842,20572.25464537168,16419.561663380795,1869,165.0
0,724,37618.52348614649,-3595.4205613448207,20564.580523047713,17860.343206445068,1869,165.0
0,725,37618.52348614649,-3580.2531698285816,20580.208960115524,17243.099404398756,1869,165.0
0,726,37618.52348614649,-3585.883031471644,20456.62436905233,19300.971552724404,1869,165.0
0,727,37618.52348614649,-3591.7461908784044,20577.328459718818,17448.709209598637,1869,165.0
0,728,37618.52348614649,-3576.401762582293,20577.03088320221,16625.754738505824,1869,165.0
0,729,37618.52348614649,-3593.782306433943,20571.914842134276,16419.91182470348,1869,165.0
0,730,37618.52348614649,-3588.843987421434,20515.711455719294,15390.313433968726,1869,165.0
0,731,37618.52348614649,-3596.2171832026706,20497.70431478407,15184.988930935497,1869,165.0
0,732,37618.52348614649,-3583.0834616219236,20563.964668567285,16214.872918588817,1869,165.0
0,733,37618.52348614649,-3582.3775322514057,20563.714110866116,16215.13380043582,1869,165.0
0,734,37618.52348614649,-3588.076503378763,20571.813218140625,16419.91798432025,1869,165.0
0,735,37618.52348614649,-3582.1427865507276,20576.092465221594,16626.615177889966,1869,165.0
0,736,37618.52348614649,-3564.8948196330066,20513.514854830337,18685.40806162116,1869,165.0
0,737,37618.52348614649,-3574.9451404828083,20432.165464281872,19507.34550191517,1869,165.0
0,738,37618.52348614649,-3598.8233329285586,20498.07679974532,18889.267378624805,1869,165.0
0,739,37618.52348614649,-3594.658055732162,20582.270387031855,17036.25494861293,1869,165.0
0,740,37618.52348614649,-3582.426980124814,20580.972813954737,17242.343479936022,1869,165.0
0,741,37618.52348614649,-3590.011243248209,20554.73625419165,18067.071446441434,1869,165.0
0,742,37618.52348614649,-3597.915741347043,20576.35712724624,17449.66106459055,1869,165.0
0,743,37618.52348614649,-3587.3084827205826,20497.365027455853,18889.752600951513,1869,165.0
0,744,37618.52348614649,-3583.4053133099833,20576.845542236195,16625.943857611095,1869,165.0
0,745,37618.52348614649,-3584.98177398411,20563.97285332051,17861.299987958715,1869,165.0
0,746,37618.52348614649,-3580.110302860142,20563.7993235573,17861.465662490482,1869,165.0
0,747,37618.52348614649,-3585.4503276333835,20496.961970935117,18890.285840676836,1869,165.0
0,748,37618.52348614649,-3581.136024374377,20581.10499924849,17037.42099367138,1869,165.0
0,749,37618.52348614649,-3577.906292269732,20514.917925113434,18684.113303894097,1869,165.0
0,750,37618.52348614649,-3581.7312498426945,20477.53833655746,19095.895219487396,1869,165.0
0,751,37618.52348614649,-3566.5011430503478,20542.90800475301,18273.33832346383,1869,165.0
0,752,37618.52348614649,-3576.101211313127,20280.083067929045,20537.42407991909,1869,165.0
0,753,37618.52348614649,-3588.856086177836,20315.889504149363,20330.45549784838,1869,165.0
0,754,37618.52348614649,-3577.0142163748264,20555.331720148544,18066.5041885564,1869,165.0
0,755,37618.52348614649,-3575.3816949236098,20432.7874520563,19506.532131437343,1869,165.0
0,756,37618.52348614649,-3590.324586106326,20348.4620964101,20124.403216566756,1869,165.0
0,757,37618.52348614649,-3589.1833874557615,20543.966341739473,15802.617532630213,1869,165.0
0,758,37618.52348614649,-3595.724344060664,20571.446157534632,16420.39587774548,1869,165.0
0,759,37618.52348614649,-3584.6585444590432,20514.854462931726,15391.241991497438,1869,165.0
0,760,37618.52348614649,-3583.7536816588317,20544.279024183044,15802.286124228447,1869,165.0
0,761,37618.52348614649,-3580.381868417956,20576.435210714437,17449.585029229933,1869,165.0
0,762,37618.52348614649,-3575.451477387416,20554.696962906073,18067.108689443525,1869,165.0
0,763,37618.52348614649,-3582.732351877308,20315.503075164095,20330.785253811406,1869,165.0
0,764,37618.52348614649,-3588.9413243083045,20377.15603614367,19919.572821567548,1869,165.0
0,765,37618.52348614649,-3568.5482661348287,20563.88466364094,17861.38306790775,1869,165.0
0,766,37618.52348614649,-3577.790554606397,20514.867364822727,18684.159913322284,1869,165.0
0,767,37618.52348614649,-3587.5337737430077,20544.636097733124,18271.711466353423,1869,165.0
0,768,37618.52348614649,-3595.0292998361024,20554.51855724073,18067.278054427305,1869,165.0
0,769,37618.52348614649,-3578.19569558025,20315.71111107314,20330.60733820581,1869,165.0
0,770,37618.52348614649,-3577.401333794032,20543.840756130197,18272.45992015562,1869,165.0
0,771,37618.52348614649,-3589.0909396515817,20577.58519469441,16625.189945367136,1869,165.0
0,772,37618.52348614649,-3585.407482615161,20579.582712209325,16832.108246849,1869,165.0
0,773,37618.52348614649,-3590.7565318333695,20563.210888036057,17862.0309765453,1869,165.0
0,774,37618.52348614649,-3600.2107315949306,20455.84727589822,14773.90506519512,1869,165.0
0,775,37618.52348614649,-3585.9451392348087,20497.486671762457,15185.226896514154,1869,165.0
0,776,37618.52348614649,-3584.876663513568,20122.463382127167,21359.162202881285,1869,165.0
0,777,37618.52348614649,-3576.9463783908427,20315.571001919907,20330.726077997377,1869,165.0
0,778,37618.52348614649,-3596.732342911781,20543.97773770315,18272.331663135967,1869,165.0
0,779,37618.52348614649,-3594.366948456969,20544.343669622634,18271.98723346679,1869,165.0
0,780,37618.52348614649,-3598.9951043435085,20580.697130409502,17242.616643285768,1869,165.0
0,781,37618.52348614649,-3591.990015339615,20544.44563347881,15802.108962136386,1869,165.0
0,782,37618.52348614649,-3573.5451534993026,20455.353378312233,19302.108405081784,1869,165.0
0,783,37618.52348614649,-3595.8242542044536,20531.125094052353,18477.62618905684,1869,165.0
0,784,37618.52348614649,-3588.8694398146267,20564.981670244586,17860.330449731417,1869,165.0
0,785,37618.52348614649,-3566.715950082263,20497.36409940967,18889.91783240344,1869,165.0
0,786,37618.52348614649,-3577.4565354100164,20433.141489313977,19506.480177158428,1869,165.0
0,787,37618.52348614649,-3591.577690057493,20580.677950420704,17037.847473556623,1869,165.0
0,788,37618.52348614649,-3586.025268166885,20564.041416648448,17861.23332744795,1869,165.0
0,789,37618.52348614649,-3584.1480766782174,20580.01760562125,16831.668399315466,1869,165.0
0,790,37618.52348614649,-3586.5110222251087,20455.40056486965,19302.06688034342,1869,165.0
0,791,37618.52348614649,-3571.9359375637355,20315.199633172353,20331.042297828113,1869,165.0
0,792,37618.52348614649,-3587.1942564084784,20579.414888519907,17243.885874518994,1869,165.0
0,793,37618.52348614649,-3587.0532974674134,20571.942741600735,17654.75525274732,1869,165.0
0,794,37618.52348614649,-3581.5222235280903,20555.451816073193,18066.390465046275,1869,165.0
0,795,37618.52348614649,-3588.447434085043,20166.581671257685,21152.58015855083,1869,165.0
0,796,37618.52348614649,-3588.078820155058,20316.377556847405,20330.03980259974,1869,165.0
0,797,37618.52348614649,-3580.8326370784016,20432.763327520384,19506.81612967452,1869,165.0
0,798,37618.52348614649,-3578.5425381086616,20571.49994422799,17655.184615041024,1869,165.0
0,799,37618.52348614649,-3578.8456808586197,20431.695038211474,14568.464845344875,1869,165.0
0,800,37618.52348614649,-3583.9594071306847,20555.459532285957,16008.263746045905,1869,165.0
0,801,37618.52348614649,-3584.316071788692,20581.55580175952,17036.969550655616,1869,165.0
0,802,37618.52348614649,-3590.5700056178894,20315.019849852895,20331.196108889762,1869,165.0
0,803,37618.52348614649,-3594.4931620763296,20244.013686275088,20742.79571122055,1869,165.0
0,804,37618.52348614649,-3582.4148544267164,20205.27710620477,20948.592164582118,1869,165.0
0,805,37618.52348614649,-3583.3057561190267,20497.44019170645,18889.8488194913,1869,165.0
0,806,37618.52348614649,-3583.478249580812,20530.49369908745,18478.214385404746,1869,165.0
0,807,37618.52348614649,-3587.473621574677,20280.572055650515,20537.012395375295,1869,165.0
0,808,37618.52348614649,-3590.7002082153513,20515.97841984015,18683.134439491772,1869,165.0
0,809,37618.52348614649,-3587.5149918838083,20433.03228229629,19506.57761811825,1869,165.0
0,810,37618.52348614649,-3576.708312429848,20496.604087476346,18890.61269072645,1869,165.0
0,811,37618.52348614649,-3567.4301732305107,20477.73918324763,19095.712231190282,1869,165.0
0,812,37618.52348614649,-3596.949446039862,20497.852121564334,18889.472649755215,1869,165.0
0,813,37618.52348614649,-3577.158394392661,20513.749713136014,18685.191341044425,1869,165.0
0,814,37618.52348614649,-3587.051268209569,20542.958504490205,18273.291103904383,1869,165.0
0,815,37618.52348614649,-3585.374727081965,20456.020425050003,19301.51178629207,1869,165.0
0,816,37618.52348614649,-3586.7179380899884,20543.88005812189,18272.423581826893,1869,165.0
0,817,37618.52348614649,-3585.3456072260683,20514.710810366665,15391.396915576357,1869,165.0
0,818,37618.52348614649,-3589.1637367017097,20075.571806650427,12511.197080042044,1869,165.0
0,819,37618.52348614649,-3583.917519455274,20431.36497483963,14568.83895965648,1869,165.0
0,820,37618.52348614649,-3593.224631857867,20555.137915189436,18066.689921593283,1869,165.0
0,821,37618.52348614649,-3579.0123385645993,20576.177259147982,16626.625748524057,1869,165.0
0,822,37618.52348614649,-3594.109130980426,20542.665171389912,15803.999216432667,1869,165.0
0,823,37618.52348614649,-3585.554275228035,20543.086000689054,15803.552169503679,1869,165.0
0,824,37618.52348614649,-3590.976105726608,20564.70305562724,17860.598816125046,1869,165.0
0,825,37618.52348614649,-3580.431377727931,20315.36037164919,20330.90605883425,1869,165.0
0,826,37618.52348614649,-3590.5201421154916,20433.10841874014,19506.510416506917,1869,165.0
0,827,37618.52348614649,-3578.7222407941917,20456.4998961103,19301.082333674258,1869,165.0
0,828,37618.52348614649,-3587.9936642102853,20530.820673507344,18477.909405801074,1869,165.0
0,829,37618.52348614649,-3575.908793941747,20579.91721032821,17243.38796147065,1869,165.0
0,830,37618.52348614649,-3576.592542853515,20514.517143090667,18684.482717423063,1869,165.0
0,831,37618.52348614649,-3584.017305428302,20555.717924285458,18066.137644150844,1869,165.0
0,832,37618.52348614649,-3584.4573244292706,20457.26823460511,19300.394320540145,1869,165.0
0,833,37618.52348614649,-3587.0084523359183,20431.825453366957,19507.64714391993,1869,165.0
0,834,37618.52348614649,-3601.8713513834723,20348.238715196363,20124.595784767065,1869,165.0
0,835,37618.52348614649,-3590.745535843191,20348.494715243647,20124.375210105827,1869,165.0
0,836,37618.52348614649,-3579.94530188312,20496.54045169672,18890.670556753586,1869,165.0
0,837,37618.52348614649,-3571.1238616963556,20497.77998938991,18889.537934566695,1869,165.0
0,838,37618.52348614649,-3589.6930611335547,20498.143046770056,18889.20654073128,1869,165.0
0,839,37618.52348614649,-3587.1810014726784,20458.03064814048,19299.71200970082,1869,165.0
0,840,37618.52348614649,-3579.4569254594217,20029.34924231617,21771.065342715803,1869,165.0
0,841,37618.52348614649,-3586.8964508608146,20405.872676579915,19713.472827102294,1869,165.0
0,842,37618.52348614649,-3582.0234313203377,20477.787001672077,19095.66934108481,1869,165.0
0,843,37618.52348614649,-3580.48785334622,20513.89220626421,18685.05973384292,1869,165.0
0,844,37618.52348614649,-3583.9825658061673,20497.7110490954,18889.601636452302,1869,165.0
0,845,37618.52348614649,-3574.9561560924144,20496.995652416022,18890.254767916438,1869,165.0
0,846,37618.52348614649,-3589.6485818467722,20406.88427403175,19712.58571426986,1869,165.0
0,847,37618.52348614649,-3582.9844502237397,20555.43772185102,16008.286307401919,1869,165.0
0,848,37618.52348614649,-3593.6845129096964,20479.030740587135,19094.545304105905,1869,165.0
0,849,37618.52348614649,-3576.8375369779355,20454.903125723322,19302.511548264123,1869,165.0
0,850,37618.52348614649,-3587.1053782589465,20530.623973159945,18478.092939085214,1869,165.0
0,851,37618.52348614649,-3573.3041750318134,20543.84820657378,18272.453248765447,1869,165.0
0,852,37618.52348614649,-3581.1517525774407,20565.09199329806,17860.223808364088,1869,165.0
0,853,37618.52348614649,-3586.01165219616,20544.356413877904,15802.20347170327,1869,165.0
0,854,37618.52348614649,-3586.7236827004003,20564.582219981916,17860.71448966004,1869,165.0
0,855,37618.52348614649,-3593.482740427774,20530.216533141105,18478.47320535092,1869,165.0
0,856,37618.52348614649,-3576.832380763214,20564.65556541473,17860.64293135423,1869,165.0
0,857,37618.52348614649,-3584.3060633137898,20515.37603065753,18683.690774034392,1869,165.0
0,858,37618.52348614649,-3582.904108006983,20455.78149658417,19301.725634072012,1869,165.0
0,859,37618.52348614649,-3583.051075938948,20579.33588554657,17243.964693388032,1869,165.0
0,860,37618.52348614649,-3585.920849108617,20564.998888771377,17860.313130618906,1869,165.0
0,861,37618.52348614649,-3579.2228246668024,20556.10472671171,18065.769186521866,1869,165.0
0,862,37618.52348614649,-3586.697708261362,20350.120281103795,20122.978630386653,1869,165.0
0,863,37618.52348614649,-3587.1606321694912,20315.8928289639,20330.45271536624,1869,165.0
0,864,37618.52348614649,-3576.603497897036,20206.326507875692,20947.726156822486,1869,165.0
0,865,37618.52348614649,-3572.258228549782,20563.82407567232,17861.44123766177,1869,165.0
0,866,37618.52348614649,-3587.6950261861834,20543.920228684714,18272.385810262236,1869,165.0
0,867,37618.52348614649,-3595.314571344538,20432.90199115301,19506.69384519398,1869,165.0
0,868,37618.52348614649,-3583.7508458166867,20456.98536870798,19300.647453951693,1869,165.0
0,869,37618.52348614649,-3583.6309338702627,20406.776582453458,19712.680597290902,1869,165.0
0,870,37618.52348614649,-3583.528187548383,20244.426750310355,20742.45151339634,1869,165.0
0,871,37618.52348614649,-3587.6069474099945,20514.802880849868,18684.219263971892,1869,165.0
0,872,37618.52348614649,-3586.810577304914,20498.270991205674,18889.089796548804,1869,165.0
0,873,37618.52348614649,-3587.683007299347,20281.862543421357,20535.92563032541,1869,165.0
0,874,37618.52348614649,-3582.524586564254,20281.00323023261,20536.648947900852,1869,165.0
0,875,37618.52348614649,-3579.3530307243614,20478.430596219016,19095.087670260993,1869,165.0
0,876,37618.52348614649,-3601.636771225052,20564.252693603645,17861.030407874074,1869,165.0
0,877,37618.52348614649,-3593.2374910779854,20477.924137205264,14979.329497908793,1869,165.0
0,878,37618.52348614649,-3600.722075103552,20495.957279610644,15186.900166168307,1869,165.0
0,879,37618.52348614649,-3582.068891688329,20541.362141531907,15805.38377721542,1869,165.0
0,880,37618.52348614649,-3583.9688930557118,20563.501517133045,17861.752196500787,1869,165.0
0,881,37618.52348614649,-3575.6731775295593,20405.625644294672,19713.68964085201,1869,165.0
0,882,37618.52348614649,-3594.020021455414,20431.093377345933,19508.296286083747,1869,165.0
0,883,37618.52348614649,-3580.29669878138,20245.27286114173,20741.746339933514,1869,165.0
0,884,37618.52348614649,-3578.9538068961015,19695.42351077028,23006.86143110769,1869,165.0
0,885,37618.52348614649,-3573.247026736497,20377.92641861813,19919.195921966344,1869,165.0
0,886,37618.52348614649,-3579.43259023493,20121.51960477992,21359.981338803755,1869,165.0
0,887,37618.52348614649,-3577.9818179682115,20530.496894506217,18478.21112754514,1869,165.0
0,888,37618.52348614649,-3584.8155702679755,20555.231742555003,18066.60013980576,1869,165.0
0,889,37618.52348614649,-3576.220627823489,20431.577257559882,19507.867153624047,1869,165.0
0,890,37618.52348614649,-3585.6105520731244,20431.58307434161,19507.861700705616,1869,165.0
0,891,37618.52348614649,-3584.894877698014,20432.273585731084,19507.24985863491,1869,165.0
0,892,37618.52348614649,-3585.7722252192198,20555.41710188373,18066.423451506125,1869,165.0
0,893,37618.52348614649,-3583.5911782469043,20564.560390398583,17860.73485060992,1869,165.0
0,894,37618.52348614649,-3582.3777873542913,20497.01419530405,18890.23886454472,1869,165.0
0,895,37618.52348614649,-3580.1504466509386,20497.326178148287,18889.95295434426,1869,165.0
0,896,37618.52348614649,-3583.8147177710634,20244.020934112887,20742.789679490717,1869,165.0
0,897,37618.52348614649,-3585.5486537207717,20431.90929400543,19507.46932696675,1869,165.0
0,898,37618.52348614649,-3575.289985163915,20575.525061487515,17450.476850147636,1869,165.0
0,899,37618.52348614649,-3575.3161507799846,20543.437502556542,18272.839894241384,1869,165.0
0,900,37618.52348614649,-3583.60133967588,20543.89033843103,18272.41435365552,1869,165.0
0,901,37618.52348614649,-3596.237381861846,20579.90327682272,17243.402426015142,1869,165.0
0,902,37618.52348614649,-3586.8269204040466,20580.286971490612,16831.396179628286,1869,165.0
0,903,37618.52348614649,-3598.0506648793857,20432.81817279691,14567.028429977574,1869,165.0
0,904,37618.52348614649,-3578.1024822353615,20576.368097079896,16626.27754339961,1869,165.0
0,905,37618.52348614649,-3586.460765930122,20571.071778838228,16420.62550299098,1869,165.0
0,906,37618.52348614649,-3583.9592316837943,20554.521723783626,16009.249338710466,1869,165.0
0,907,37618.52348614649,-3583.4911751070617,20455.56816011879,19301.91651700786,1869,165.0
0,908,37618.52348614649,-3567.8792123318285,20514.031922760056,18684.930696676605,1869,165.0
0,909,37618.52348614649,-3590.1898887276284,20456.068414634483,19301.468679446647,1869,165.0
0,910,37618.52348614649,-3577.0700247645614,20496.513238853724,18890.695969205186,1869,165.0
0,911,37618.52348614649,-3583.782570226399,20432.24671127149,19507.27388776072,1869,165.0
0,912,37618.52348614649,-3596.434606566042,20478.482926203913,19095.040248697296,1869,165.0
0,913,37618.52348614649,-3584.6389254365386,20316.692976570383,20329.77231152909,1869,165.0
0,914,37618.52348614649,-3590.525556126559,20564.66442011566,17860.634894325503,1869,165.0
0,915,37618.52348614649,-3583.6121447911146,20576.43031573565,16626.367428745696,1869,165.0
0,916,37618.52348614649,-3581.510616131411,20456.69550981468,19300.90718415441,1869,165.0
0,917,37618.52348614649,-3586.331229577245,20455.919058048166,19301.602589328744,1869,165.0
0,918,37618.52348614649,-3587.7891352947427,20543.920247760154,18272.385511784913,1869,165.0
0,919,37618.52348614649,-3594.055962538628,20544.14311211725,18272.1760719862,1869,165.0
0,920,37618.52348614649,-3580.0077620121533,20576.674534925955,16626.11809320016,1869,165.0
0,921,37618.52348614649,-3596.041471529355,20478.757775125014,19094.792410402228,1869,165.0
0,922,37618.52348614649,-3579.0475167486293,20477.03130369851,19096.352952593195,1869,165.0
0,923,37618.52348614649,-3579.0493438143403,20456.621162469113,19300.97354100152,1869,165.0
0,924,37618.52348614649,-3582.900165394966,20478.483535608495,19095.0400507178,1869,165.0
0,925,37618.52348614649,-3578.1829175690614,20432.301425522845,19507.22494732609,1869,165.0
0,926,37618.52348614649,-3586.8664044599755,20564.223073508318,17861.058630247262,1869,165.0
0,927,37618.52348614649,-3582.6755224999556,20579.669967211954,16832.019423921713,1869,165.0
0,928,37618.52348614649,-3575.8380428702017,20565.544117271194,17859.789643577053,1869,165.0
0,929,37618.52348614649,-3605.6344695933126,20477.959906417345,14979.289654384123,1869,165.0
0,930,37618.52348614649,-3579.7323242916764,20543.826888533964,15802.765212717424,1869,165.0
0,931,37618.52348614649,-3585.163529098602,20579.492468205222,16832.198973141756,1869,165.0
0,932,37618.52348614649,-3594.1838066264836,20530.41463280229,18478.28829199684,1869,165.0
0,933,37618.52348614649,-3574.5428277761353,20564.24832653966,17861.034122219327,1869,165.0
0,934,37618.52348614649,-3573.368047918246,20563.923103988604,17861.34617483617,1869,165.0
0,935,37618.52348614649,-3584.7804945828175,20577.434423359206,17448.604907178298,1869,165.0
0,936,37618.52348614649,-3591.654730039,20514.885315269374,15391.208136261834,1869,165.0
0,937,37618.52348614649,-3583.096758382698,20580.17841128587,17243.130229361286,1869,165.0
0,938,37618.52348614649,-3589.0367329260907,20581.635317356926,17241.68757370791,1869,165.0
0,939,37618.52348614649,-3593.386944239614,20348.90127466958,20124.026395133464,1869,165.0
0,940,37618.52348614649,-3573.802616526775,20530.231867257095,18478.458280537754,1869,165.0
0,941,37618.52348614649,-3583.3207700151547,20577.835933737773,17448.21153060705,1869,165.0
0,942,37618.52348614649,-3602.53778766246,20556.21103902706,18065.669398603695,1869,165.0
0,943,37618.52348614649,-3585.250771340527,20579.60594442703,17243.69707969563,1869,165.0
0,944,37618.52348614649,-3594.8221311022508,20515.6087452724,15390.4249128364,1869,165.0
0,945,37618.52348614649,-3572.3234320537235,20579.23629196862,17039.288615831185,1869,165.0
0,946,37618.52348614649,-3578.8263065288484,20570.793326184186,17655.870441487386,1869,165.0
0,947,37618.52348614649,-3582.430093846022,20555.210681742687,18066.619425430454,1869,165.0
0,948,37618.52348614649,-3580.375588291363,20570.853430754563,17655.812462509744,1869,165.0
0,949,37618.52348614649,-3576.306576049841,20554.781231516587,18067.02812207646,1869,165.0
0,950,37618.52348614649,-3583.1082554573863,20496.87771131923,18890.362766886403,1869,165.0
0,951,37618.52348614649,-3586.2964707637775,20479.169831705294,19094.41943318342,1869,165.0
0,952,37618.52348614649,-3587.011876257508,20554.815314071737,18066.995969915242,1869,165.0
0,953,37618.52348614649,-3585.588298265657,20576.29808377708,17449.719001431145,1869,165.0
0,954,37618.52348614649,-3581.35511369151,20564.09363635626,16214.738353938685,1869,165.0
0,955,37618.52348614649,-3592.6494972806277,20530.575873137095,18478.137967635783,1869,165.0
0,956,37618.52348614649,-3584.779901736017,20581.277682574724,17037.248108066393,1869,165.0
0,957,37618.52348614649,-3578.787761908386,20570.962247360225,16420.89318012816,1869,165.0
0,958,37618.52348614649,-3585.298297111114,20554.65258924521,16009.111468590638,1869,165.0
0,959,37618.52348614649,-3588.236446986267,20496.149114702894,15186.689110711732,1869,165.0
0,960,37618.52348614649,-3593.4711439931443,20455.22952583857,19302.220218623013,1869,165.0
0,961,37618.52348614649,-3578.1756270314504,20477.92891178304,19095.54126866098,1869,165.0
0,962,37618.52348614649,-3576.2140523822773,20347.995521712175,20124.804535412917,1869,165.0
0,963,37618.52348614649,-3577.457517588058,20281.386839037983,20536.32601644055,1869,165.0
0,964,37618.52348614649,-3600.515353795155,20572.251464616707,17654.455856179717,1869,165.0
0,965,37618.52348614649,-3597.2957416811414,20581.20127016777,17242.117696079888,1869,165.0
0,966,37618.52348614649,-3578.2842054212674,20571.221510285653,17655.45499578753,1869,165.0
0,967,37618.52348614649,-3572.2856876933947,20347.107352125873,20125.56816352807,1869,165.0
0,968,37618.52348614649,-3569.011858079371,20405.677721713542,19713.64395381277,1869,165.0
0,969,37618.52348614649,-3581.626627940323,20346.65822550196,20125.954475874245,1869,165.0
0,970,37618.52348614649,-3579.8645929468425,20543.021452709505,18273.232135450617,1869,165.0
0,971,37618.52348614649,-3598.1586950507835,20432.35661568011,19507.176427378752,1869,165.0
0,972,37618.52348614649,-3583.3222451920533,20554.352722765998,18067.435928871975,1869,165.0
0,973,37618.52348614649,-3591.443893112868,20348.222502852528,20124.60941685074,1869,165.0
0,974,37618.52348614649,-3578.0941377288445,20514.59662450793,18684.409262428922,1869,165.0
0,975,37618.52348614649,-3579.1582056699153,20514.18039945844,18684.793917698982,1869,165.0
0,976,37618.52348614649,-3580.327982891959,20554.802213375326,18067.00836945315,1869,165.0
0,977,37618.52348614649,-3593.577582853312,20477.66195656398,19095.78306341965,1869,165.0
0,978,37618.52348614649,-3581.6032883242224,20554.982812807237,18066.836346109994,1869,165.0
0,979,37618.52348614649,-3574.8408413456145,20579.80700472435,17243.497123679295,1869,165.0
0,980,37618.52348614649,-3584.8183502437523,20455.82991994568,19301.682188056682,1869,165.0
0,981,37618.52348614649,-3573.6675989970745,20571.71713219433,16420.11485535934,1869,165.0
0,982,37618.52348614649,-3593.847347065964,20556.715261014288,18065.189309600657,1869,165.0
0,983,37618.52348614649,-3578.9594594649216,20498.324658431113,18889.040820762173,1869,165.0
0,984,37618.52348614649,-3578.3709953562643,20531.18295196591,15596.138633584822,1869,165.0
0,985,37618.52348614649,-3588.5117072045437,20514.239493543562,18684.73973378923,1869,165.0
0,986,37618.52348614649,-3581.5322292264996,20576.309683121974,17449.708255870642,1869,165.0
0,987,37618.52348614649,-3582.168744141385,20555.238472180048,18066.593184157166,1869,165.0
0,988,37618.52348614649,-3586.530591051233,20579.639674369882,16832.050541005843,1869,165.0
0,989,37618.52348614649,-3580.007060440049,20347.955720194932,20124.83872190383,1869,165.0
0,990,37618.52348614649,-3585.7463926494456,20348.19195311708,20124.63567178148,1869,165.0
0,991,37618.52348614649,-3584.8741767666543,20244.54505668649,20742.170911649315,1869,165.0
0,992,37618.52348614649,-3586.875197677683,20514.688805551163,18684.324242853676,1869,165.0
0,993,37618.52348614649,-3587.1867885179963,20431.695337223166,19507.762204780098,1869,165.0
0,994,37618.52348614649,-3581.400005313976,20282.049283249606,20535.768276620962,1869,165.0
0,995,37618.52348614649,-3584.3668553408606,20543.68204779823,18272.60977862154,1869,165.0
0,996,37618.52348614649,-3580.688270451906,20406.347158484365,19712.749462384585,1869,165.0
0,997,37618.52348614649,-3587.8146905507547,20514.417468246967,18684.57464712481,1869,165.0
0,998,37618.52348614649,-3581.399733248525,20076.9286898792,21565.211943549322,1869,165.0
0,999,37618.52348614649,-3588.6858931830884,20315.733941769435,13744.709138093634,1869,165.0
0,1000,37618.52348614649,-3584.6249680292235,20531.464543145,15595.837400901004,1869,165.0
